y_test,y_pred
316065,295832.43
315986,295580.63
306487,293086.08
284754,258394.25
284153,261972.52
269167,255701.04
269089,254939.66
243455,233145.33
241906,223955.82
238181,203789.89
235897,239039.35
220109,208658.21
215157,206586.6
214185,211660.15
206541,202137.78
206136,204965.18
204140,225540.77
203271,196994.8
201901,218779.55
198210,236960.98
192800,187670.75
188803,187630.98
187016,186733.91
183742,180039.02
182194,183247.24
180974,198811.69
175431,186538.62
174160,175007.29
173290,178102.66
169362,169935.12
167811,185865.0
164720,168914.92
163743,185936.92
163139,159822.9
160858,157309.37
160616,164515.35
159526,157317.33
157287,146904.8
145126,140065.54
143664,135309.55
141578,140306.24
141375,140431.92
141031,163148.46
139859,139217.55
136949,124536.92
136757,134869.85
136751,122264.41
134860,118342.65
134545,129698.22
134262,126192.71
129082,125419.72
124776,120287.88
123994,119643.7
121868,116132.2
120569,119968.71
117894,110460.53
117414,123631.97
114314,111658.98
112766,109013.53
112692,112923.88
110338,100696.66
107922,109371.58
106309,100044.74
105643,106967.19
104155,100196.37
104023,104575.32
103243,110248.93
103053,83645.13
102732,109083.06
101293,106501.6
100904,96875.56
100837,107655.28
100341,108157.7
98908,90043.86
97038,93864.22
96775,96612.17
96512,95438.09
96496,95878.23
95831,95013.12
95496,91865.18
95419,94918.93
93854,100448.1
93303,129941.84
93265,94316.03
92775,89407.86
92663,93062.43
92075,88272.21
91650,92903.47
91031,92536.78
90933,88124.11
89949,97280.73
89510,88449.49
89108,87115.56
88921,90044.23
88471,87632.05
87563,90959.6
86258,86500.36
85594,86207.56
85498,92319.32
85212,81170.1
84825,82102.96
84068,86291.39
83665,87819.35
83206,82918.23
82812,74520.68
82679,82226.97
82294,85403.58
78352,76837.65
75999,77614.8
75888,71742.37
75725,73753.39
74446,80266.74
72660,80201.96
72161,89574.42
71934,67567.86
71297,66200.13
71185,67596.79
70600,65955.76
70329,64724.28
70045,71286.08
70015,70468.77
69568,62243.33
69536,69510.7
69048,62070.38
68132,67282.28
67816,77492.04
66588,63919.37
66456,65725.14
66033,66526.96
65882,55321.08
65856,64331.05
64485,64197.08
63515,58917.15
62818,60028.28
61750,47665.01
60271,65030.54
60252,53465.17
59640,57679.73
59356,56350.8
59158,63052.96
58845,51940.69
58787,70076.58
58566,58086.36
58053,51703.05
57638,48729.75
57454,56025.51
56628,54593.38
56524,54346.14
56434,54933.54
55468,54359.9
55322,55339.58
55106,55855.3
54639,51440.57
54008,48363.48
53857,51996.28
53836,50276.3
53705,45177.15
52735,48378.21
52731,49671.83
52719,51224.68
52590,51740.24
52511,43757.11
52355,52670.75
51399,48122.17
51167,49263.96
51047,58334.11
50966,53124.66
50911,50778.65
50206,46266.75
47033,46203.64
46983,49178.48
46916,45798.01
46449,46315.76
46244,46944.83
46152,48472.15
46049,45114.42
45977,41984.35
45491,45801.53
45298,44029.51
44729,41543.11
44332,43177.2
44238,53358.71
44018,44400.62
43644,47023.63
43209,42625.09
43013,50698.65
42740,40940.9
42571,41901.42
41972,39742.85
41749,43061.76
41114,47865.27
40825,38337.16
40738,41870.69
40717,38794.04
40499,40918.71
40107,37605.75
40087,40644.61
39943,41855.03
39930,38925.62
39809,39052.5
39225,38542.61
39173,37178.8
39131,40319.14
38561,37804.56
36999,36322.8
36822,41683.64
36696,36442.48
36460,34841.18
36237,37360.63
35762,36139.61
35689,34811.64
35538,35357.54
35130,34272.26
35130,39276.43
35060,33806.44
34634,34137.58
34480,42466.24
34175,35370.33
33938,33229.35
33473,34899.14
33340,33110.57
33008,37190.11
32752,35414.98
32604,35554.35
32164,30373.57
32117,31913.23
31965,29005.49
31908,31231.94
31852,31506.77
31827,31936.28
31807,31629.49
31385,33166.3
31305,34023.07
31112,32144.5
30949,29736.18
30876,28303.16
30861,38254.17
30688,29341.15
30394,33582.36
30323,27952.31
28888,28475.24
28874,27811.94
28535,28589.18
28528,29503.77
28199,29496.98
28087,27744.64
27985,36402.41
27863,22351.91
27856,26929.74
27615,27780.88
27368,26359.29
27307,26297.5
27282,22431.94
26960,31044.63
26898,31803.92
26330,30811.82
25666,25791.36
25627,24825.45
25561,24936.58
25453,24291.38
25153,25292.56
24551,22288.43
24350,25350.03
23894,21772.25
23860,21124.8
23850,24729.81
23797,24560.41
23551,24455.62
23417,23388.24
23293,25797.23
23161,26206.32
23021,23347.83
22928,21861.81
22913,21964.53
22668,23279.36
22572,19374.19
22339,23022.15
22066,22877.42
21826,18371.87
21628,20319.23
21476,24190.61
21413,22521.39
21389,20585.48
21384,19482.19
21303,19710.79
21276,24051.1
21249,21132.45
21191,21170.06
21034,20105.8
20833,22671.19
20700,20309.02
20643,17631.55
20509,19115.01
20482,20202.22
20288,20076.78
20107,20109.97
20083,22679.08
19831,17988.49
19714,18890.91
19466,16586.5
19222,18107.56
19218,18057.97
19068,18404.9
18910,18749.72
18816,17053.4
18811,17983.3
18786,18868.93
18540,18618.96
18440,18398.77
17892,17537.78
17849,17121.58
17574,17169.81
17493,16925.67
17378,18697.38
17377,16994.63
17344,17087.33
17301,17661.18
17107,17619.51
17055,16592.22
16897,17360.05
16775,19319.21
16695,13869.23
16597,16623.24
16552,16827.34
16401,20036.3
16373,15400.63
16311,16506.62
16041,14142.66
15925,13941.0
15911,16662.24
15809,17270.9
15765,16104.61
15685,16130.71
15681,15323.38
15607,14591.82
15571,15942.68
15204,16682.08
15187,15525.82
14998,14249.2
14962,15927.23
14886,14936.82
14811,13183.64
14670,13757.08
14558,14376.79
14552,14709.28
14551,11866.43
14537,13679.11
14431,15733.02
14424,15056.5
14421,15412.67
14406,14388.9
14393,14964.31
14391,14652.18
14383,13971.66
14369,14650.97
14345,14077.88
14165,13286.73
14097,14157.63
14057,13540.88
14029,12418.23
13982,12940.79
13972,14226.2
13953,13892.6
13858,13925.52
13686,15202.64
13636,14796.37
13508,12179.92
13476,13295.75
13404,12554.67
13343,13903.27
13276,13246.37
13075,12910.0
13069,15657.01
13043,14156.69
12943,13180.45
12925,13098.93
12913,13603.24
12834,12110.4
12779,12672.88
12609,12352.81
12562,15267.44
12553,12096.43
12508,14592.41
12347,14053.99
12332,12562.28
12314,10643.06
12280,12182.13
12275,12661.38
12250,13382.86
12240,12616.45
12054,10732.23
12027,11434.92
11999,12569.87
11999,11392.64
11947,12452.01
11925,10878.37
11923,13269.37
11859,10957.08
11746,13419.6
11674,12674.67
11618,10480.9
11578,11522.9
11527,11238.74
11493,13183.59
11477,9871.04
11439,11640.35
11358,9949.13
11325,11005.57
11320,10228.32
11279,13106.75
11230,10770.36
11121,11172.69
10908,12163.64
10896,10551.2
10752,10971.22
10738,10414.46
10732,10270.52
10658,9652.61
10570,10487.32
10541,10426.6
10436,10165.67
10407,9581.97
10210,10131.45
10183,10162.04
10137,9372.79
10132,10933.73
10127,10240.56
10022,10001.49
9816,9323.48
9760,9107.62
9655,9786.67
9647,10873.09
9617,8996.84
9593,9102.41
9550,13250.92
9411,9380.13
9383,9836.88
9334,7989.04
9334,10881.01
9323,11442.48
9185,9673.39
9183,9238.48
9181,8499.98
9165,8725.91
9108,9656.44
9106,8982.9
9090,7734.43
9018,9590.47
8999,9494.94
8993,9388.9
8991,8452.76
8887,8364.84
8881,9089.12
8821,10010.13
8812,8476.05
8708,9428.51
8694,8308.2
8686,8650.95
8680,8102.43
8668,8417.92
8586,9085.94
8584,9919.4
8493,8274.55
8489,8748.19
8484,8783.47
8438,7427.74
8403,7114.81
8391,8386.62
8357,8093.07
8250,8237.49
8237,8262.86
8209,8045.62
8189,8046.23
8161,9757.46
8044,7962.0
8028,7810.46
7977,6483.46
7880,7672.31
7852,7596.67
7798,7949.27
7779,8077.23
7778,7513.29
7754,8137.42
7714,7191.48
7700,7884.14
7694,8679.08
7683,10962.19
7619,7132.87
7571,7360.43
7567,7433.78
7554,7978.97
7425,8007.83
7370,6669.19
7339,6942.56
7294,7611.53
7265,7427.62
7153,6426.23
7128,7459.88
7128,7499.92
7119,7513.56
7101,6710.98
7088,7314.79
7087,6527.36
7008,6342.52
6955,6586.42
6950,8809.82
6943,6634.91
6912,7067.29
6866,6238.36
6851,7260.76
6832,7801.99
6806,6260.91
6798,7794.7
6779,7595.09
6750,6435.6
6731,7096.73
6720,6635.24
6711,6411.44
6655,6310.33
6651,7027.56
6646,8064.12
6624,6132.67
6605,6467.18
6596,7263.53
6562,5931.63
6551,7642.8
6541,6336.18
6528,5909.12
6437,6143.56
6374,6068.02
6364,5973.36
6261,6202.13
6202,5849.08
6198,5881.71
6196,5921.43
6164,5923.05
6157,6201.8
6141,5934.57
6031,5913.37
6018,6055.8
6016,6062.63
6009,5977.78
5990,5805.07
5956,6832.66
5930,5963.68
5928,5900.5
5920,5515.05
5902,6459.47
5863,4981.92
5842,5415.48
5833,6917.64
5797,6540.35
5790,5622.27
5772,6132.69
5771,5591.0
5767,5286.53
5746,4431.91
5746,5819.55
5735,6387.64
5708,5765.16
5697,5237.23
5696,5631.51
5690,5916.48
5662,5529.62
5649,5561.09
5627,6914.25
5606,6364.6
5587,5006.72
5551,5579.66
5542,5637.2
5540,5649.34
5537,5770.04
5530,6414.31
5519,5736.58
5515,7692.86
5511,7781.25
5506,5491.01
5480,5715.83
5468,5329.26
5432,5259.68
5422,6985.42
5407,5213.65
5355,4919.16
5337,4803.95
5304,5482.67
5295,5743.02
5290,5810.68
5269,5501.48
5267,4954.93
5242,4279.83
5226,5466.05
5206,5255.16
5112,4261.59
5105,5236.0
5101,5076.58
5080,4819.05
5065,5894.14
5059,5082.34
5051,5405.14
5045,4696.72
5027,8195.0
5001,4535.53
4999,4550.7
4979,4020.18
4953,4943.47
4943,4797.98
4936,5173.28
4920,4541.46
4912,5269.64
4912,4820.24
4869,4633.32
4860,4504.2
4857,4974.24
4852,4513.36
4837,4757.49
4828,4735.63
4809,4649.96
4797,4832.47
4788,5211.67
4770,4519.63
4740,4666.27
4682,5157.67
4668,4973.84
4652,4510.33
4647,4254.74
4639,4534.41
4609,4456.92
4607,4486.96
4595,4460.93
4559,4406.92
4557,4139.27
4542,4400.08
4536,4264.22
4501,4384.89
4491,4147.31
4477,3922.45
4462,4283.09
4439,4491.76
4422,3369.2
4417,4613.51
4412,4550.36
4374,4423.7
4368,4612.97
4310,3889.76
4307,4187.22
4307,4126.64
4286,4095.32
4284,4309.36
4284,4288.94
4278,4976.8
4255,4370.58
4233,5353.1
4230,4055.13
4199,4761.48
4196,4197.54
4191,4090.79
4176,4555.54
4156,4132.25
4143,3948.35
4135,4265.19
4119,3681.55
4108,4034.89
4099,4200.04
4082,3940.13
4068,4062.94
4059,3952.26
4053,4104.06
4040,3766.65
4037,3667.95
4035,3827.33
4031,4523.57
4018,4584.85
4011,3677.44
4006,4040.03
4000,4054.72
3964,4312.63
3956,4176.17
3948,4261.26
3937,3594.58
3937,3528.03
3930,4208.07
3921,3720.48
3904,3855.25
3899,3615.56
3891,3644.36
3888,4005.29
3886,3211.31
3882,4639.88
3882,4146.13
3859,4433.4
3845,3591.36
3834,3972.58
3816,3567.65
3808,4783.23
3800,5065.26
3777,3384.48
3764,3734.63
3746,3718.0
3740,5814.42
3734,3466.72
3713,3528.27
3707,3927.0
3684,4398.98
3682,3321.63
3678,3134.44
3677,3543.39
3667,3587.01
3661,3569.36
3652,3572.83
3651,3482.69
3633,3641.12
3626,3712.21
3624,3394.27
3618,3204.24
3613,3478.93
3611,2794.03
3611,3582.61
3600,3431.74
3587,3677.6
3585,3364.34
3578,3346.78
3576,3331.02
3566,3531.08
3531,3291.35
3528,4134.07
3520,3779.25
3514,3405.45
3512,3412.47
3512,3429.53
3508,3125.81
3503,3434.88
3495,3261.77
3491,3423.24
3486,3455.64
3479,3757.73
3464,3148.23
3457,3231.98
3437,3373.4
3432,3279.34
3429,4361.58
3425,3455.99
3420,3628.23
3420,3304.67
3412,3190.4
3407,3463.27
3407,3855.92
3396,3365.17
3391,3995.46
3383,3287.95
3374,3409.66
3363,3279.47
3359,2401.64
3325,3056.25
3322,3236.34
3320,3749.02
3276,3375.65
3243,3363.3
3233,3222.18
3232,3232.24
3217,3100.34
3208,3072.9
3206,3017.17
3204,3161.29
3196,3180.78
3194,3045.26
3194,2961.7
3184,3229.28
3180,3121.07
3158,2978.51
3155,2547.96
3151,3681.84
3146,3635.43
3142,2975.02
3125,3023.23
3124,2850.91
3119,3193.08
3109,2817.78
3108,3998.75
3107,2989.47
3101,3439.03
3098,2296.9
3097,3690.62
3092,3063.25
3081,3090.57
3078,3188.92
3055,3018.36
3050,2833.34
3041,2894.28
3041,2931.76
3040,3166.93
3037,2809.26
3020,2966.11
2996,2942.65
2989,2938.17
2982,2659.69
2974,2947.96
2957,2648.9
2941,2960.44
2941,2882.24
2937,4023.23
2932,2939.21
2923,4040.65
2918,2853.88
2916,3511.02
2911,3010.51
2907,2914.44
2892,2858.64
2880,3049.56
2880,2688.74
2877,2903.63
2876,8723.15
2874,2800.15
2871,40514.82
2854,2759.5
2851,2894.14
2848,2792.4
2848,2858.52
2841,1984.69
2839,2866.17
2830,3156.96
2816,2888.69
2815,2576.3
2811,3015.85
2809,3095.37
2807,2774.78
2799,3543.3
2783,2855.71
2780,2750.1
2766,3315.38
2765,3809.66
2751,2874.69
2748,2716.99
2746,2705.7
2738,2985.05
2710,2362.96
2708,2757.91
2693,2332.21
2693,2812.17
2678,2693.43
2644,2602.84
2644,2719.79
2643,2744.13
2633,2525.67
2624,2344.91
2617,3331.29
2614,2724.94
2604,2504.76
2602,2519.47
2599,2978.22
2596,2634.14
2591,2388.87
2585,2576.28
2585,2663.77
2580,2530.25
2571,2428.49
2565,3113.7
2562,2977.72
2562,2673.94
2558,2464.23
2553,2513.08
2551,2856.07
2537,2769.42
2533,2343.68
2528,2353.12
2525,1601.81
2524,2335.94
2524,2835.55
2520,2287.52
2514,3052.57
2509,2127.18
2500,3708.6
2491,2390.07
2475,2083.67
2475,2420.7
2464,2401.15
2455,2418.69
2447,2175.13
2447,2651.72
2446,3063.19
2444,2418.38
2442,2273.07
2433,2377.27
2429,1988.39
2428,2292.16
2427,2210.59
2423,2618.51
2416,3141.49
2412,2582.68
2404,2310.17
2404,2540.1
2402,2242.94
2402,2386.58
2400,2374.31
2393,2560.71
2389,3645.64
2375,2165.68
2369,2109.67
2369,2335.11
2366,2122.51
2364,2677.13
2358,2711.52
2355,2922.05
2354,2260.73
2353,2682.65
2344,2357.5
2344,2314.71
2340,2444.22
2331,2878.8
2331,2133.26
2326,1758.53
2313,2527.99
2310,2316.65
2292,2158.03
2280,2272.62
2272,2286.03
2270,2219.08
2266,2364.7
2266,2439.52
2266,1971.51
2263,2217.16
2262,2085.48
2255,2408.04
2252,2183.41
2249,2036.45
2246,2130.92
2246,1976.44
2241,1973.43
2240,2343.4
2228,1969.31
2226,2270.04
2221,2026.24
2220,1977.95
2209,2165.13
2200,2194.78
2199,2738.72
2199,2397.22
2196,1755.84
2187,2121.11
2182,2154.35
2174,2049.16
2173,2101.57
2169,2146.27
2165,1735.74
2158,2063.73
2145,2092.19
2131,2025.49
2127,2171.05
2119,2065.69
2116,2000.21
2115,2078.7
2105,1938.19
2105,1973.31
2097,1932.96
2096,2011.04
2094,1728.25
2091,2039.6
2083,2400.83
2074,1799.74
2074,1810.1
2057,1759.74
2042,1782.61
2041,1848.42
2039,2094.01
2036,2462.53
2036,1848.28
2033,1775.28
2030,1985.2
2030,2045.25
2024,1947.88
2022,2126.17
2016,2303.86
2012,2256.27
2006,2008.78
2004,1923.48
2002,1978.37
2000,2946.43
1998,1541.82
1997,1990.14
1993,2337.67
1991,2039.38
1990,1839.31
1989,1694.35
1988,1906.14
1987,2163.46
1984,1602.15
1984,1907.25
1970,2261.4
1969,1833.85
1965,1880.04
1963,1961.53
1961,1811.73
1961,1810.64
1955,1922.29
1955,1630.68
1951,1258.51
1949,1683.82
1943,1752.07
1936,1421.04
1932,1899.58
1928,1829.61
1921,1774.37
1920,1833.42
1919,1608.05
1917,2028.71
1917,1767.39
1915,1947.14
1910,1704.75
1908,2358.17
1902,1959.87
1895,1559.41
1891,1977.87
1890,1810.97
1889,1927.86
1887,1610.99
1886,1873.43
1884,1896.22
1883,1892.6
1881,1777.73
1877,2065.55
1870,1486.22
1869,1855.49
1863,1770.53
1854,2106.37
1846,1534.66
1843,1787.5
1841,1674.32
1839,1807.0
1824,1863.33
1822,1874.29
1821,1760.74
1821,1792.12
1814,1756.27
1812,1768.2
1808,1840.72
1807,1902.71
1807,2145.33
1806,2438.84
1800,2240.94
1797,1786.96
1796,1756.67
1794,1885.9
1785,1663.73
1780,1574.96
1779,1667.41
1779,1550.93
1777,1548.78
1772,2024.44
1770,1743.71
1768,1617.28
1768,1749.03
1765,1483.82
1757,1588.7
1751,1808.95
1750,1971.89
1744,1428.56
1729,1753.05
1726,1607.12
1726,1589.78
1725,1493.08
1724,1686.6
1722,1577.88
1719,1690.4
1713,1974.6
1712,1634.46
1700,1584.65
1700,1883.94
1699,1820.17
1690,1421.2
1689,1458.46
1688,1815.14
1682,1533.12
1666,1596.13
1662,1459.58
1657,1757.14
1656,1574.08
1656,1222.12
1654,1746.1
1648,1359.79
1642,1609.79
1642,1843.95
1642,1584.58
1634,1642.73
1630,1593.49
1616,1537.63
1616,1470.52
1613,1609.41
1611,4300.04
1610,1677.14
1608,1555.81
1605,1668.59
1603,1702.4
1601,1468.04
1598,1566.07
1598,1520.86
1592,1540.86
1588,1504.51
1583,1498.7
1582,1552.1
1578,1474.08
1578,1530.49
1563,1416.28
1561,1239.77
1557,1452.71
1552,1491.46
1548,1350.3
1546,1748.03
1544,1748.56
1539,1494.92
1536,1438.78
1530,1458.56
1519,1406.65
1517,1421.55
1513,1602.51
1510,1454.73
1507,1411.51
1507,1390.29
1502,1447.55
1497,1335.96
1494,1552.95
1493,1561.13
1492,1571.69
1491,1546.72
1489,1486.86
1489,1620.85
1485,1326.27
1484,1325.44
1484,1408.72
1474,1339.03
1472,1418.49
1468,2219.71
1463,1327.6
1458,1308.9
1451,1286.98
1440,1303.69
1432,1120.08
1429,1501.78
1423,1336.56
1421,1375.55
1419,1423.68
1417,1400.88
1416,1811.34
1414,1394.1
1411,1103.65
1410,1371.62
1408,1379.76
1404,1534.12
1402,1407.82
1402,1260.43
1400,1431.5
1398,1298.21
1398,1401.28
1395,1168.24
1394,1148.47
1389,1393.96
1389,1391.91
1387,1488.69
1381,1158.24
1378,1001.71
1377,1334.88
1377,1269.84
1376,1315.44
1373,1336.32
1372,1603.94
1365,1300.47
1363,1259.2
1362,1339.82
1361,1264.34
1351,1188.19
1347,1359.25
1347,839.8
1346,1289.07
1345,1440.32
1342,1124.89
1342,1254.73
1340,1434.07
1338,1330.39
1336,1233.76
1336,1310.47
1331,1329.33
1326,1008.36
1325,1364.68
1318,1184.6
1312,1565.12
1309,1184.15
1308,1590.43
1308,1173.68
1306,1223.64
1306,1297.94
1305,2008.29
1304,1489.24
1302,1141.18
1300,1357.31
1298,1237.19
1298,1103.98
1289,1225.84
1283,1040.94
1281,1181.17
1281,1203.82
1273,1189.51
1267,1355.04
1265,1193.21
1265,1294.28
1264,1151.17
1263,1278.11
1263,1330.45
1262,2437.12
1257,1241.3
1252,1202.94
1250,1286.82
1246,1070.81
1242,1208.52
1237,1376.3
1236,1285.81
1234,1253.32
1234,1195.28
1231,2090.39
1230,1253.99
1229,1285.01
1228,1634.3
1226,1280.87
1215,1027.96
1215,1258.87
1215,1389.36
1211,1061.61
1211,987.18
1207,1079.14
1204,1086.54
1202,1160.55
1197,1204.64
1196,1185.6
1192,1063.21
1191,1247.84
1190,1121.2
1180,1091.89
1178,1358.66
1178,1370.41
1176,986.03
1173,1030.0
1172,948.87
1169,1232.06
1162,1019.03
1155,1111.01
1153,1138.55
1149,1190.85
1149,1154.57
1149,1181.37
1139,1368.5
1138,1172.83
1136,1190.77
1132,1461.78
1127,1102.39
1126,1120.45
1124,1026.86
1122,1191.55
1122,916.12
1120,1044.48
1120,1153.05
1113,1015.93
1110,1117.38
1109,926.67
1109,1095.62
1108,1132.56
1106,1016.31
1106,996.26
1105,793.81
1104,868.48
1102,1060.41
1102,1079.75
1100,956.14
1098,1160.62
1096,1229.84
1090,933.03
1089,1097.2
1087,1155.19
1086,1079.2
1085,1024.98
1082,1080.66
1082,1086.18
1079,1015.28
1078,975.98
1070,1062.42
1068,1002.91
1064,1092.09
1060,989.08
1056,869.04
1053,1007.75
1051,1119.71
1048,1147.68
1047,968.1
1045,1002.99
1044,1152.4
1042,996.63
1041,994.98
1041,1084.39
1038,1038.04
1037,1089.71
1033,1222.25
1032,1151.02
1031,953.15
1028,1193.84
1026,1016.91
1025,1039.29
1024,590.44
1018,731.15
1017,1067.06
1016,937.89
1013,968.26
1011,1075.41
1005,1009.13
1004,1004.58
1004,1127.11
1003,914.56
1002,960.17
1000,950.94
998,872.74
997,996.8
996,649.44
995,961.14
992,950.04
992,913.53
991,1180.57
990,1057.74
990,1016.66
980,967.77
977,992.53
974,898.23
973,930.08
969,986.56
969,1766.22
969,810.85
969,884.95
966,1023.9
962,1422.37
958,896.0
953,990.77
951,919.31
950,930.16
948,866.91
943,927.76
942,915.96
939,879.51
931,939.36
928,897.96
927,977.4
922,20659.7
922,769.37
921,829.96
921,1043.94
917,1042.01
917,900.03
916,785.93
912,1049.49
911,828.16
911,945.61
911,1074.47
911,1080.12
908,774.24
901,927.31
901,1129.28
900,869.46
899,714.15
899,978.26
895,2066.06
893,864.08
891,871.0
891,878.78
889,916.86
888,644.42
886,982.7
885,925.89
885,880.4
885,773.33
882,612.21
881,916.82
880,1062.45
880,818.52
879,784.17
879,790.59
879,814.21
878,743.17
878,890.46
875,809.96
875,1013.58
872,792.85
868,624.88
868,913.22
867,804.59
867,804.52
866,921.62
863,907.22
863,782.9
863,785.36
856,753.8
855,934.68
853,911.53
852,794.86
850,983.24
849,768.01
847,1083.11
847,1070.39
847,955.73
844,830.06
843,794.72
840,848.28
839,749.25
837,847.06
835,727.08
834,955.05
833,844.37
832,928.71
832,849.35
830,729.8
830,1268.22
830,661.96
829,960.71
829,1129.2
828,862.58
827,665.02
827,812.78
824,815.98
824,890.54
824,928.8
823,789.3
823,770.69
822,880.45
818,833.54
814,726.92
814,791.05
814,809.61
813,764.19
812,726.53
811,754.92
811,933.81
808,744.37
804,779.47
801,686.21
801,746.8
799,774.02
798,830.74
798,730.42
798,810.34
796,684.47
795,772.37
794,654.99
794,765.89
793,773.9
793,758.22
792,771.9
792,767.49
792,781.15
790,803.58
789,834.27
789,720.8
787,1070.35
786,838.88
784,690.12
784,845.9
784,756.22
783,709.57
782,728.93
782,1231.24
780,784.95
780,697.45
779,765.44
777,735.74
775,778.88
775,1322.87
774,839.23
772,742.78
772,1359.14
770,892.14
769,509.0
768,931.73
766,748.89
765,766.28
765,704.63
765,952.31
764,821.57
762,767.56
762,718.32
761,754.73
760,703.6
760,683.68
760,812.93
759,728.01
759,827.08
757,729.28
747,763.56
747,693.59
745,1484.59
745,689.2
744,743.28
744,742.97
742,691.22
740,663.31
740,690.55
740,672.46
735,701.01
734,678.59
733,787.29
730,1001.21
728,740.44
727,726.97
726,782.05
722,620.39
722,657.66
721,689.41
718,710.9
717,762.68
717,754.54
716,699.67
715,605.46
710,689.66
709,816.39
709,841.05
706,763.28
703,772.86
702,708.92
701,644.33
701,600.71
701,639.96
697,625.54
696,667.21
692,667.93
692,775.35
689,670.91
686,669.29
683,798.4
682,722.29
682,671.54
679,607.02
676,998.99
675,441.8
674,644.5
667,619.35
666,626.77
666,646.5
665,675.96
665,612.88
664,618.81
663,648.64
662,659.73
662,649.19
662,1193.26
662,648.89
661,567.19
660,618.4
659,714.04
655,1063.45
654,636.72
654,774.75
654,604.4
652,658.42
651,532.84
651,608.5
648,613.67
646,750.5
645,730.71
645,618.53
644,635.68
643,638.02
643,622.9
643,674.78
640,630.26
639,618.3
639,674.54
639,694.12
639,629.31
632,584.85
631,659.72
631,634.26
631,528.13
630,397.82
629,596.56
628,698.25
628,475.08
627,636.1
626,643.01
621,526.44
620,656.1
620,605.05
619,600.34
617,533.5
617,639.95
616,771.95
616,636.3
616,591.31
614,595.01
614,861.82
614,1438.58
613,638.36
613,615.42
612,1349.78
612,634.58
611,552.13
610,582.89
610,505.74
609,624.96
609,622.35
604,553.17
604,598.3
603,545.01
602,567.7
601,577.8
598,560.12
597,565.18
596,566.1
594,513.99
592,592.05
592,525.06
592,585.6
592,626.18
590,505.14
590,1407.39
588,849.9
584,667.7
584,590.46
582,559.27
582,582.73
581,546.06
581,1175.61
576,446.22
571,535.92
571,542.51
569,585.44
569,587.13
568,623.15
567,583.93
564,573.36
564,747.2
564,521.91
561,547.7
559,472.23
558,566.33
558,489.04
557,603.91
556,588.11
556,530.73
556,600.73
555,566.02
555,532.31
554,677.17
552,592.68
552,710.69
551,560.54
550,512.55
548,709.13
548,514.25
547,521.69
547,534.12
546,510.05
545,551.81
544,580.94
544,444.68
543,534.23
543,503.53
540,510.31
539,781.76
539,515.24
538,568.11
537,552.08
537,413.16
537,558.22
537,557.73
537,427.39
536,430.2
535,435.01
535,450.16
534,480.52
533,554.54
532,511.27
532,541.98
532,812.53
531,576.0
529,498.29
529,542.4
529,514.11
528,561.7
527,495.17
527,521.12
527,492.44
524,423.51
524,512.34
523,507.46
523,433.84
523,524.28
523,482.65
523,394.76
522,502.55
521,459.97
520,833.86
520,576.14
519,611.41
519,891.81
518,1029.24
517,560.37
515,590.8
514,636.83
513,462.0
511,552.38
511,470.89
510,581.28
510,896.51
509,482.54
508,651.35
508,488.81
507,495.14
506,412.18
506,566.92
505,672.66
505,457.46
504,528.1
504,444.09
501,534.35
501,26206.14
501,554.34
501,599.71
501,468.26
500,522.93
500,472.92
500,512.64
500,493.85
500,487.86
496,521.61
496,521.72
495,547.62
495,464.12
494,429.6
493,439.51
493,441.62
492,518.73
492,478.27
491,527.7
489,462.41
489,478.45
488,403.56
488,478.68
486,471.78
485,292.7
484,426.23
483,458.58
482,439.96
482,511.05
479,336.68
479,401.76
479,444.36
479,422.87
479,488.06
478,475.65
477,445.92
477,575.34
476,495.39
475,449.34
475,474.78
475,400.17
473,510.34
473,709.79
469,406.8
469,439.94
468,900.29
467,472.41
467,681.64
466,499.02
465,396.61
465,477.11
464,459.97
463,527.7
463,438.21
462,431.85
461,406.16
461,544.07
461,407.45
461,417.51
461,483.64
459,446.2
459,638.8
457,790.73
457,483.52
457,483.08
457,658.95
455,425.04
454,480.18
454,477.83
454,471.17
454,559.45
451,459.19
451,900.35
450,442.93
450,466.48
449,473.66
449,391.36
448,509.88
448,388.61
448,550.37
443,470.7
443,447.68
442,518.32
440,482.0
439,489.79
438,452.21
437,423.32
436,376.14
435,407.97
434,495.55
434,387.82
433,408.8
432,424.23
431,437.88
431,466.61
429,499.44
429,411.92
429,387.4
429,378.05
428,641.2
428,391.28
428,405.71
427,430.75
427,396.57
427,389.41
425,411.24
425,492.52
425,403.41
424,474.71
422,744.96
421,468.21
420,431.86
419,391.7
418,398.54
418,416.76
417,409.11
417,354.62
417,375.15
417,382.24
415,384.11
415,359.21
415,487.45
415,406.85
415,386.74
414,406.85
414,457.32
413,487.33
413,441.71
413,377.66
411,478.76
411,371.25
411,324.04
410,391.67
410,401.52
409,363.62
409,372.26
408,375.37
408,354.75
407,375.24
405,381.69
404,392.27
404,405.12
403,256.25
403,326.25
400,357.81
399,415.68
399,440.59
399,347.67
398,429.84
397,452.51
396,348.48
395,435.43
395,393.74
394,372.61
394,577.67
392,372.95
392,345.44
391,361.95
390,519.43
390,383.23
389,400.05
389,428.91
389,346.75
388,452.63
387,415.38
387,384.58
387,362.02
386,404.6
385,367.74
385,305.35
385,339.36
384,406.47
384,367.42
384,411.06
384,428.71
383,373.41
383,478.3
383,365.92
382,402.08
382,399.44
381,419.98
380,367.13
380,386.97
379,380.91
379,381.55
378,354.94
378,479.22
378,344.44
377,383.34
377,360.08
377,353.67
376,428.94
375,351.53
374,261.23
374,390.82
374,348.0
374,375.33
374,326.84
373,352.94
373,419.19
373,367.68
372,339.99
371,377.02
371,377.65
370,329.03
370,464.65
369,473.92
369,369.41
369,392.27
368,709.92
367,342.98
366,425.38
366,390.31
366,344.44
365,355.16
365,441.18
365,383.75
365,511.17
365,386.25
365,316.85
364,403.57
364,400.24
364,352.25
364,351.12
363,355.64
362,346.32
362,356.14
362,333.41
361,343.38
361,474.96
361,465.88
361,380.91
360,325.41
359,338.26
359,346.93
358,352.34
358,340.49
356,341.03
355,327.18
354,347.6
354,347.37
354,362.32
354,326.8
353,325.35
353,333.54
351,365.59
351,359.9
350,363.2
350,343.51
350,451.8
349,249.04
349,390.1
348,318.63
348,307.15
348,307.6
347,359.98
347,346.81
347,305.56
347,341.58
346,366.95
346,559.53
346,360.33
345,376.08
345,354.5
344,307.67
344,321.49
343,313.74
342,343.79
342,406.02
342,335.34
340,359.1
340,326.3
340,333.49
340,374.32
340,293.11
340,395.24
339,355.77
339,579.58
338,407.43
338,335.48
335,321.73
335,255.32
335,388.08
335,295.6
334,305.02
334,322.37
332,315.27
331,334.65
331,355.81
330,317.26
330,312.69
330,321.59
330,394.07
328,331.26
328,345.98
327,352.61
327,306.97
327,315.01
326,288.8
326,340.31
325,312.65
325,288.38
325,322.36
325,369.68
325,306.0
325,295.8
324,343.99
323,347.34
323,253.74
323,330.8
322,349.91
321,301.45
321,261.47
321,312.63
321,351.86
321,321.42
320,314.73
320,325.5
319,295.03
319,18897.83
319,290.03
319,321.77
318,270.72
318,335.83
318,323.23
318,289.51
318,306.84
318,301.52
317,318.24
317,231.05
317,323.94
317,315.89
317,346.15
317,311.35
317,315.77
316,304.71
316,333.92
316,328.87
316,267.04
315,319.39
314,266.96
314,329.61
313,342.56
313,243.82
313,293.35
312,439.33
312,284.72
312,272.33
311,293.24
311,348.18
311,318.98
311,251.33
310,221.47
310,257.18
310,322.7
310,335.49
310,310.77
310,305.6
310,245.93
309,290.89
309,292.1
308,322.18
308,357.79
307,273.14
307,610.54
306,328.42
305,316.69
305,281.86
305,340.91
304,337.89
304,316.21
304,309.77
304,314.88
303,327.72
302,321.52
302,586.13
301,693.03
300,259.86
299,217.68
299,282.22
298,275.93
298,284.55
297,370.32
297,304.7
297,247.2
297,282.61
296,307.48
296,349.61
294,320.65
294,302.35
294,264.48
293,299.71
293,295.5
293,279.01
292,579.89
292,309.87
292,326.33
292,239.94
292,299.67
292,815.3
292,285.41
292,275.76
291,321.83
291,653.54
290,272.68
290,423.05
290,271.28
290,301.35
289,220.99
289,267.57
289,300.92
289,366.51
289,268.29
289,312.36
288,270.77
288,293.07
287,281.68
287,283.38
287,222.56
286,286.78
285,271.39
285,352.54
285,249.38
285,270.28
284,281.21
284,433.22
284,290.11
284,265.5
284,293.15
283,333.23
283,252.15
283,286.99
283,259.4
283,260.77
282,225.58
282,314.0
282,262.06
282,289.09
280,272.36
280,293.62
280,292.64
279,238.69
278,300.94
278,266.55
278,276.19
277,249.24
277,269.33
277,276.15
276,265.64
276,249.97
275,176.77
275,238.39
275,278.23
274,254.18
274,266.95
274,273.92
273,281.81
272,268.97
272,261.43
271,266.0
270,268.02
270,222.76
270,257.29
270,213.79
270,273.46
269,281.29
269,276.81
269,268.51
269,255.96
269,240.76
268,230.48
268,292.72
268,232.23
268,287.18
267,231.26
267,259.55
267,269.21
267,271.25
266,278.57
266,254.58
266,266.81
265,280.87
264,273.3
264,283.12
264,274.97
264,500.39
264,234.61
263,315.71
262,305.4
262,279.85
262,260.9
262,227.76
262,267.05
261,242.73
261,249.91
261,250.58
260,339.16
260,295.61
260,437.0
259,253.1
259,292.4
259,232.75
257,233.81
257,259.28
257,232.36
256,302.78
256,264.22
255,273.77
255,229.96
254,266.59
254,254.33
253,252.37
253,210.04
253,261.37
253,221.22
252,276.24
250,262.26
250,238.02
250,283.91
250,264.52
250,237.54
250,226.62
249,289.89
249,287.12
248,259.3
248,163.74
248,262.6
248,296.8
248,235.0
248,275.93
247,203.27
247,236.03
247,279.08
247,250.26
246,222.77
246,225.3
246,280.95
246,268.43
246,244.61
246,231.68
245,202.92
244,225.06
244,281.94
244,212.29
244,322.4
244,229.4
243,214.76
243,279.0
243,219.46
243,231.2
242,277.28
242,220.61
242,669.73
242,266.54
242,208.1
242,240.07
241,258.92
241,236.72
241,252.84
241,242.02
241,244.73
240,229.83
240,262.34
240,378.65
239,237.45
239,167.84
238,205.28
238,276.43
238,258.41
237,244.28
237,204.86
236,273.44
236,239.63
236,226.96
236,255.53
236,321.5
236,227.74
236,238.46
235,219.13
235,231.78
235,243.65
235,241.56
235,223.01
234,264.86
234,259.95
234,194.72
233,217.82
233,233.84
233,281.39
233,246.77
233,255.86
233,211.98
233,209.15
232,200.93
232,199.77
232,242.12
232,249.57
231,219.31
231,237.24
231,202.75
231,255.68
230,243.18
230,244.61
230,188.24
230,199.22
229,211.31
229,279.42
228,234.32
227,223.76
227,272.12
226,205.69
226,258.99
225,260.91
225,195.41
225,207.91
224,199.43
224,228.94
224,192.48
224,245.44
224,215.28
224,219.29
224,201.7
223,205.22
223,231.14
223,199.33
223,228.05
223,234.8
223,231.33
223,227.64
223,317.48
223,246.75
223,241.43
222,221.11
222,204.79
221,251.61
221,230.64
221,205.09
221,201.75
220,207.63
220,172.87
220,209.05
220,174.89
220,247.86
219,229.06
219,228.72
219,196.27
219,304.66
219,191.52
219,200.4
217,195.77
216,175.1
216,185.8
216,240.76
216,194.53
215,228.63
215,178.64
214,191.73
214,164.12
214,231.39
213,173.43
213,180.94
213,197.96
212,208.59
212,212.05
212,222.85
212,184.22
212,577.96
212,227.99
212,248.67
211,271.6
211,189.48
211,196.74
211,200.48
210,232.74
210,197.72
209,194.72
209,196.93
209,220.51
209,231.04
209,212.98
208,187.71
208,190.19
208,185.12
208,396.74
207,211.77
207,221.24
207,232.54
207,228.91
206,191.99
206,174.31
206,242.48
206,157.2
205,232.25
205,300.42
205,199.79
205,199.16
204,170.11
204,244.4
204,238.47
204,199.9
204,197.01
203,157.18
203,215.47
203,180.76
203,179.88
202,183.11
202,234.69
202,200.93
201,136.65
201,173.22
201,226.14
201,159.55
201,239.0
201,256.11
201,227.96
201,199.35
201,222.82
200,207.99
200,190.47
199,206.08
199,181.19
199,202.52
199,194.98
198,188.0
197,209.02
196,197.65
196,218.57
195,188.16
195,180.31
195,194.36
194,201.26
194,246.65
194,179.96
194,175.33
194,197.75
193,181.59
193,180.26
193,185.93
193,230.06
193,190.86
193,165.54
193,189.35
192,228.91
192,168.96
192,161.45
192,188.3
192,156.3
191,178.83
191,176.3
191,161.26
190,178.77
190,183.19
189,173.14
189,181.27
189,182.11
189,184.12
188,183.96
187,155.71
187,168.19
187,176.71
187,183.21
187,173.05
186,211.78
186,388.7
186,187.5
186,195.24
185,187.14
185,179.3
185,153.79
184,183.07
184,196.55
184,165.97
184,195.76
183,220.88
183,123.07
183,207.09
183,201.51
183,183.59
183,183.54
183,177.43
183,161.67
182,171.16
182,144.31
182,186.24
181,158.41
181,272.78
181,659.9
181,123.54
181,277.82
181,165.34
180,166.06
180,185.91
180,242.69
180,166.03
180,121.47
180,155.54
180,151.0
179,171.52
179,173.79
179,198.36
179,164.28
178,161.17
178,181.84
178,168.54
178,191.18
178,170.5
177,140.47
177,193.3
177,180.52
176,174.58
176,183.85
176,175.75
176,172.41
175,164.06
175,158.7
175,179.54
174,193.36
173,198.11
173,155.11
173,169.22
173,189.07
173,159.13
173,383.16
172,163.36
172,171.9
172,172.03
172,177.49
171,131.71
171,175.79
171,162.72
171,141.56
171,476.82
171,150.36
171,210.15
170,159.83
169,174.43
169,123.36
169,167.2
169,199.94
169,179.09
169,177.7
169,170.89
169,148.17
168,161.27
168,105.13
168,149.98
167,160.84
167,158.15
167,198.91
166,153.77
166,161.5
166,138.65
166,162.44
165,165.29
165,122.31
165,188.24
165,166.76
165,155.71
165,156.55
164,145.77
164,189.18
164,186.88
164,149.26
164,107.98
164,151.71
164,154.38
163,132.56
163,162.41
163,187.61
162,157.71
162,158.58
162,143.69
162,136.53
161,132.82
161,152.24
161,143.5
161,166.03
161,114.86
161,153.92
160,154.48
160,154.9
160,138.68
160,232.41
160,258.32
159,141.92
159,152.23
159,137.38
159,169.82
159,169.03
158,173.87
158,146.86
157,159.22
157,145.46
157,104.73
157,159.3
157,155.64
156,132.68
156,221.46
155,155.04
155,154.88
155,151.44
155,173.06
155,166.0
155,125.35
155,134.25
154,162.37
154,137.48
153,158.5
153,165.16
153,168.45
153,151.34
152,92.29
152,135.05
152,147.34
152,173.11
152,148.56
152,155.23
152,153.37
152,128.88
152,121.7
150,221.17
150,166.66
149,105.34
149,147.05
149,153.5
149,125.23
148,153.22
148,158.55
148,152.0
148,150.15
148,152.8
148,131.07
147,126.2
147,138.33
147,149.48
147,123.51
147,157.85
146,141.01
146,162.87
146,161.63
146,138.98
145,142.21
145,139.7
145,148.01
145,148.18
145,138.74
144,138.39
144,139.65
144,151.58
144,162.98
144,141.18
144,240.77
144,142.99
144,125.75
143,90.81
143,132.24
143,142.29
143,137.62
143,128.39
143,163.36
143,769.11
143,147.22
143,136.02
143,144.14
143,154.72
142,128.7
142,143.27
142,132.82
142,180.45
142,140.41
142,141.5
141,138.16
141,136.59
141,141.34
141,116.84
141,134.47
140,121.72
140,127.1
140,123.38
140,130.5
140,123.28
140,447.34
140,99.53
140,132.29
139,163.8
139,136.23
139,116.52
139,157.35
138,138.87
138,143.6
138,147.95
138,136.28
138,136.57
138,147.81
138,142.7
137,134.11
137,153.88
137,140.41
137,141.43
137,171.82
137,139.82
136,114.93
136,172.76
136,142.37
136,140.59
135,123.29
135,130.73
135,346.15
135,143.01
135,135.29
135,114.27
135,128.74
135,126.03
134,130.8
133,147.22
133,114.01
133,130.27
133,136.19
133,148.41
133,125.46
133,132.86
132,110.87
132,151.78
132,122.07
132,104.02
132,153.15
132,115.32
131,131.68
131,99.1
131,121.81
131,129.02
131,148.47
130,128.46
130,127.15
130,123.14
130,117.62
129,109.61
129,144.06
129,131.73
129,129.02
129,127.08
129,123.51
129,140.58
128,211.73
128,116.32
128,133.54
128,100.55
128,130.5
128,141.96
128,137.74
127,119.85
127,125.03
127,126.88
127,123.19
126,140.52
126,128.61
126,131.4
125,107.5
125,120.66
125,224.37
125,117.88
125,144.61
125,127.93
125,119.93
124,111.05
124,108.63
124,133.14
124,121.06
124,209.34
124,153.83
124,118.59
124,91.59
124,114.62
124,134.56
124,148.15
124,127.55
124,158.58
123,115.54
123,171.41
123,112.91
122,117.38
122,108.71
122,356.24
122,119.19
122,114.0
121,125.96
121,110.04
121,127.26
121,129.12
121,109.46
121,109.8
121,135.98
120,113.66
120,107.62
120,111.39
120,121.15
120,100.8
119,137.08
119,104.1
119,109.43
119,91.63
119,121.18
119,115.22
119,110.97
119,114.86
119,111.6
119,134.94
119,119.69
119,312.34
118,81.23
118,98.44
118,105.89
118,108.96
118,112.89
118,478.26
118,130.44
118,135.24
117,114.42
117,109.7
117,119.64
117,122.25
117,313.16
117,108.16
117,101.36
117,125.79
116,158.08
116,111.25
116,119.37
115,93.59
115,112.48
115,90.25
115,127.73
115,261.3
115,118.71
115,113.78
115,99.23
114,121.11
114,108.73
114,106.35
114,108.25
114,124.33
114,81.95
114,114.77
114,107.6
114,106.89
114,106.21
114,101.97
114,99.82
114,191.11
113,113.26
113,124.86
113,64.18
113,105.94
113,104.46
113,188.85
112,65.5
112,122.67
112,155.44
112,115.67
112,127.51
112,105.6
112,107.73
111,105.62
111,113.24
111,143.83
110,92.97
110,107.44
110,101.93
110,93.79
109,114.32
109,112.27
109,104.45
109,110.78
109,106.55
109,101.56
108,161.61
108,96.33
108,105.65
108,96.31
108,169.56
108,104.01
108,100.97
108,111.15
107,101.31
107,87.68
107,103.79
107,115.48
107,108.49
107,108.73
106,114.3
106,79.03
106,107.48
106,119.19
106,104.74
106,112.98
106,115.62
106,116.66
106,103.43
105,106.04
105,106.28
104,109.38
104,86.53
104,101.26
104,99.74
104,101.71
103,92.53
103,96.96
103,90.53
103,103.92
103,100.17
103,96.17
103,79.95
102,100.85
102,94.9
102,109.84
101,105.93
101,94.52
101,79.59
101,101.28
101,90.57
101,110.97
101,104.75
101,86.23
100,71.53
100,79.22
100,88.4
100,98.25
100,91.53
100,185.46
100,87.54
100,95.8
99,89.87
99,96.33
99,84.14
99,96.8
99,108.73
99,120.03
99,102.13
99,100.45
99,80.53
99,80.2
99,97.28
98,100.93
98,71.01
98,97.26
98,99.46
98,96.53
98,84.27
98,94.01
97,84.15
97,94.32
97,117.21
97,97.49
97,79.05
97,88.57
97,86.4
97,98.9
96,85.21
96,104.44
96,121.05
96,89.84
96,133.04
96,102.41
96,94.47
96,94.19
96,92.97
96,81.67
96,87.34
96,102.75
96,97.91
96,90.6
96,92.51
96,85.52
95,92.57
95,69.83
95,106.38
95,119.04
95,89.0
95,92.61
95,92.58
95,121.07
95,96.48
95,160.02
95,107.34
95,99.69
94,78.64
94,93.52
94,80.95
94,115.33
94,86.83
94,106.13
93,95.24
93,87.93
93,91.0
93,98.78
93,96.46
93,66.53
93,92.03
92,93.64
92,105.71
92,173.85
92,92.95
92,82.54
92,98.82
92,152.06
92,111.66
92,84.64
92,80.15
91,84.83
91,60.39
91,93.06
91,68.26
91,103.27
91,89.37
91,83.1
91,104.07
91,99.83
91,87.35
91,80.5
91,77.71
90,99.67
90,96.34
90,119.53
90,87.2
90,84.27
90,139.99
90,83.11
90,83.38
89,87.57
89,82.98
89,535.61
89,68.72
89,82.12
89,140.71
89,84.47
89,98.33
89,129.81
89,93.77
88,94.5
88,67.0
88,63.28
88,81.07
88,83.2
88,92.28
88,82.78
88,79.29
88,71.88
88,83.13
87,89.03
87,76.45
87,99.79
87,88.39
87,86.38
87,82.52
87,88.92
87,79.27
87,87.23
87,103.75
87,84.95
87,86.64
86,87.22
86,78.78
86,75.52
86,62.26
86,91.32
86,86.42
86,77.06
86,92.93
85,130.22
85,74.38
85,84.0
85,149.89
85,53.65
85,74.6
85,105.83
85,82.39
85,94.17
85,78.09
85,73.19
85,75.36
84,73.93
84,75.2
84,98.74
84,107.71
84,91.84
84,94.23
84,80.57
84,122.46
84,79.48
84,76.88
84,77.97
84,116.86
83,84.54
83,94.77
83,71.36
83,71.92
83,81.32
83,79.7
83,89.8
83,78.6
83,85.16
82,128.29
82,49.6
82,298.17
82,68.08
82,72.31
82,79.3
82,171.93
82,71.09
81,87.79
81,97.12
81,82.85
81,76.8
81,70.43
81,81.06
81,77.82
81,120.1
81,93.19
81,81.06
81,77.6
80,79.2
80,58.68
80,81.31
80,78.84
80,66.07
80,102.96
80,95.02
80,77.68
80,76.55
80,84.46
79,87.3
79,73.9
79,78.04
79,81.84
79,66.34
79,78.74
79,76.99
79,58.29
79,84.13
79,93.77
78,75.15
78,73.38
78,208.03
78,69.25
78,70.34
78,80.55
78,92.72
78,74.7
78,91.33
78,78.8
78,68.85
78,76.33
77,70.34
77,72.6
77,78.37
77,79.1
77,92.67
77,79.73
77,74.2
77,78.95
77,84.93
77,113.73
77,73.07
76,59.89
76,88.73
76,74.67
76,90.63
76,78.98
76,73.39
76,90.45
76,67.74
76,80.45
76,136.62
76,135.58
76,131.99
76,115.13
76,110.77
76,94.1
76,78.4
76,88.96
76,100.4
76,65.66
76,80.78
75,75.6
75,72.23
75,82.12
75,62.15
75,68.93
75,79.45
75,63.88
75,88.2
75,77.04
75,97.46
75,73.02
75,72.24
74,78.83
74,80.43
74,75.51
74,75.97
74,67.9
74,84.29
74,74.03
74,72.7
73,55.74
73,58.98
73,66.29
73,69.79
73,79.3
73,77.59
73,48.52
73,72.02
73,70.23
73,70.03
73,74.07
73,79.62
73,93.44
73,90.25
73,93.12
73,57.8
73,70.42
72,83.78
72,75.97
72,69.37
72,71.39
72,75.68
72,66.08
72,83.07
72,66.4
72,78.01
72,71.28
72,74.72
72,67.6
71,72.22
71,73.46
71,66.02
71,62.71
71,92.61
71,59.17
71,68.16
71,80.18
71,77.87
70,68.03
70,64.83
70,61.09
70,119.94
70,110.08
70,77.82
70,69.44
70,61.09
69,52.28
69,65.98
69,60.7
69,71.39
69,74.0
69,41.23
69,105.09
69,50.05
69,89.44
69,67.49
69,67.15
69,72.87
68,62.83
68,69.22
68,70.49
68,66.88
68,57.34
68,60.83
68,61.96
68,58.02
68,89.65
68,74.35
68,78.82
68,60.65
68,139.86
68,68.5
68,73.15
68,101.29
68,61.84
68,58.72
68,68.52
67,65.71
67,59.29
67,66.5
67,70.6
67,62.03
67,67.04
67,78.33
67,102.54
67,67.75
67,82.72
67,63.07
67,67.29
67,64.09
66,53.26
66,57.98
66,201.07
66,68.06
66,76.97
66,65.04
66,71.28
66,60.57
66,59.49
66,125.67
66,93.04
66,104.36
66,64.8
66,69.92
66,67.27
66,64.75
66,63.06
65,48.76
65,94.03
65,59.74
65,66.25
65,53.62
65,84.73
65,65.06
65,95.75
65,60.04
65,68.59
65,68.64
64,59.72
64,62.81
64,69.24
64,66.63
64,58.66
64,66.11
64,59.16
64,60.8
64,90.4
64,103.3
64,78.13
64,55.81
64,64.61
64,67.42
64,80.69
64,68.41
64,78.09
64,56.66
63,62.85
63,56.59
63,65.3
63,37.16
63,52.74
63,51.19
63,60.71
63,47.69
63,65.18
63,58.61
63,58.69
63,58.88
63,66.63
63,61.08
63,60.38
62,59.88
62,78.59
62,55.27
62,60.31
62,107.18
62,52.12
62,60.28
62,68.14
62,45.72
62,53.67
62,60.05
62,58.57
62,82.39
61,54.44
61,64.6
61,57.69
61,184.03
61,51.11
61,102.21
61,128.18
61,64.94
61,48.7
61,56.44
61,82.49
60,57.67
60,56.79
60,59.57
60,65.68
60,62.92
60,64.62
60,57.56
60,54.82
60,71.82
60,67.99
60,61.91
60,49.22
60,75.06
60,63.66
60,81.45
60,61.06
60,56.01
59,64.21
59,52.64
59,57.33
59,55.71
59,59.06
59,64.8
59,59.45
59,51.79
59,68.95
59,70.67
59,61.86
59,46.17
59,51.65
59,55.42
59,63.81
58,50.3
58,41.97
58,65.89
58,54.41
58,55.71
58,53.24
58,48.79
58,53.19
58,56.52
58,52.95
58,64.1
58,54.97
58,108.09
58,49.36
58,56.71
58,46.14
58,52.99
58,55.64
58,91.1
58,236.82
58,48.06
58,51.61
58,63.81
57,89.99
57,55.94
57,47.7
57,62.67
57,65.37
57,56.72
57,75.39
57,60.42
57,56.52
57,104.68
57,58.82
57,138.8
57,64.04
57,56.41
57,58.84
56,49.74
56,51.96
56,55.65
56,43.15
56,47.73
56,48.64
56,58.61
56,62.46
56,70.0
56,46.92
56,50.19
56,48.89
56,77.72
56,62.3
56,75.08
56,63.44
56,55.15
55,50.02
55,48.57
55,48.96
55,54.86
55,49.9
55,43.05
55,54.44
55,55.85
55,47.58
55,55.05
55,74.7
55,64.84
55,104.81
55,47.69
55,53.04
55,52.01
55,50.37
55,55.64
55,47.6
55,52.46
55,49.81
55,53.5
54,49.21
54,53.0
54,64.47
54,57.23
54,50.57
54,53.3
54,74.51
54,56.0
54,50.23
54,48.51
54,50.71
53,52.2
53,67.13
53,59.19
53,46.08
53,156.58
53,55.68
53,53.54
53,64.55
53,53.54
53,55.22
53,52.56
53,54.75
53,74.96
53,67.1
53,55.47
53,43.87
53,51.55
53,51.5
52,54.04
52,56.79
52,39.36
52,59.91
52,48.54
52,45.04
52,51.19
52,277.3
52,40.02
52,54.5
52,50.87
52,81.8
52,52.09
52,51.23
52,62.59
52,45.85
52,59.39
51,48.33
51,48.42
51,57.11
51,55.3
51,50.2
51,51.34
51,57.04
51,51.2
51,47.38
51,53.81
49,46.71
49,59.99
49,46.73
49,32.34
49,44.33
49,50.5
49,42.71
49,688.28
49,45.23
49,46.71
49,47.9
49,33.17
49,51.24
49,64.04
49,47.46
49,47.19
49,50.78
49,329.76
49,69.98
49,43.79
49,48.93
49,33.29
48,37.76
48,38.5
48,51.98
48,46.35
48,42.64
48,42.98
48,50.41
48,44.97
48,45.98
48,44.01
48,43.14
48,56.62
48,37.46
48,88.39
48,61.47
48,72.99
48,81.5
48,150.49
48,41.24
48,46.48
47,42.32
47,40.94
47,39.91
47,50.1
47,50.19
47,56.14
47,35.7
47,45.21
47,42.2
47,48.83
47,48.25
47,72.59
47,47.73
47,43.21
46,38.87
46,51.1
46,46.66
46,33.46
46,41.97
46,56.53
46,47.75
46,51.14
46,41.33
46,47.52
46,38.69
46,46.39
46,45.77
46,44.26
46,47.73
46,46.68
46,44.66
45,44.32
45,37.7
45,56.1
45,37.55
45,36.58
45,48.99
45,80.8
45,148.75
45,38.86
45,57.26
45,45.03
45,50.75
45,59.25
45,44.8
45,50.2
45,52.34
45,48.99
44,40.48
44,40.92
44,46.2
44,38.96
44,46.06
44,36.99
44,47.36
44,52.96
44,77.08
44,50.97
44,46.6
44,44.11
44,87.54
44,44.42
43,41.28
43,39.7
43,41.57
43,37.82
43,45.17
43,38.71
43,39.4
43,57.42
43,43.7
43,40.21
43,46.37
43,48.57
43,58.26
43,93.64
43,25.2
43,40.72
43,36.4
43,45.81
43,42.23
43,41.5
43,45.3
43,43.77
43,55.39
43,77.49
43,35.39
42,60.35
42,30.63
42,40.77
42,44.97
42,36.89
42,40.5
42,38.96
42,408.22
42,36.95
42,52.09
42,50.2
42,61.53
42,50.05
42,40.95
42,39.55
42,41.72
42,38.59
41,43.99
41,34.56
41,41.13
41,40.9
41,32.02
41,35.84
41,36.51
41,45.96
41,37.12
41,36.18
41,44.44
41,39.49
41,43.22
41,40.35
41,50.38
41,34.7
41,37.05
41,36.06
41,39.03
41,58.86
41,62.97
41,59.55
41,47.15
41,43.23
41,41.89
41,43.67
41,58.78
41,39.73
41,61.95
41,37.67
41,36.51
40,33.63
40,41.39
40,38.65
40,38.19
40,37.43
40,36.61
40,36.86
40,39.61
40,36.03
40,39.65
40,48.25
40,402.14
40,46.4
40,51.38
40,47.14
40,36.38
40,47.24
40,36.23
40,45.81
39,36.57
39,35.89
39,35.74
39,35.03
39,36.05
39,41.44
39,4795.12
39,272.11
39,75.3
39,45.33
39,55.18
39,39.27
39,34.47
39,37.2
39,43.05
39,38.97
39,37.78
38,34.26
38,29.01
38,36.41
38,52.11
38,34.45
38,30.44
38,257.43
38,33.39
38,32.27
38,37.94
38,30.5
38,22.38
38,38.77
38,38.93
38,34.79
38,32.25
38,42.75
38,41.69
38,39.99
38,62.95
38,47.21
38,33.76
38,36.18
38,32.98
38,44.25
38,31.5
38,47.66
38,38.26
38,36.88
37,34.76
37,34.75
37,40.27
37,40.17
37,36.27
37,139.45
37,50.85
37,30.57
37,39.15
37,36.06
37,33.77
37,35.73
37,32.21
37,47.15
37,46.17
37,44.41
37,53.02
37,39.95
37,38.98
37,36.06
37,42.6
37,39.28
37,32.68
36,28.76
36,36.84
36,35.81
36,38.51
36,30.29
36,39.65
36,35.51
36,65.6
36,31.85
36,44.32
36,38.19
36,36.61
36,34.21
36,47.25
36,32.24
36,35.88
36,59.67
36,57.94
36,35.57
36,49.17
36,57.2
36,31.8
36,32.16
36,47.82
35,25.81
35,25.86
35,35.61
35,36.39
35,29.01
35,35.16
35,35.38
35,34.03
35,38.46
35,28.55
35,35.45
35,81.28
35,40.41
35,34.6
35,37.01
35,33.08
35,28.46
35,33.49
35,39.4
35,42.13
35,41.79
35,34.14
35,40.62
35,37.38
35,32.86
35,32.88
35,74.79
35,33.66
34,30.71
34,32.02
34,31.44
34,31.8
34,31.25
34,35.17
34,39.13
34,33.31
34,36.84
34,40.88
34,45.82
34,37.57
34,36.31
34,28.25
34,32.59
34,28.04
34,31.26
34,37.91
34,32.48
34,27.35
34,31.09
33,35.32
33,26.97
33,29.72
33,92.2
33,32.5
33,33.18
33,22.83
33,32.75
33,36.14
33,43.62
33,26.78
33,145.38
33,29.32
33,30.12
33,30.36
33,24.48
33,32.52
33,34.36
32,40.75
32,29.44
32,33.28
32,32.35
32,33.08
32,30.36
32,40.37
32,37.36
32,32.59
32,29.9
32,31.53
32,61.45
32,23.01
32,40.97
32,36.45
32,32.47
32,34.12
32,64.02
32,42.62
32,27.52
32,24.3
32,31.23
32,29.93
32,30.37
32,26.15
32,33.12
32,27.74
31,42.83
31,27.7
31,30.95
31,31.31
31,37.65
31,25.36
31,30.56
31,30.06
31,31.51
31,17.44
31,27.45
31,25.25
31,31.25
31,33.56
31,27.58
31,70.6
31,37.48
31,56.96
31,32.37
31,36.54
31,31.18
31,27.7
31,29.99
31,22.55
30,26.32
30,28.67
30,85.95
30,28.21
30,38.44
30,30.91
30,29.02
30,42.77
30,29.97
30,31.09
30,66.32
30,43.64
30,29.6
30,54.9
30,28.96
30,26.17
30,32.26
30,48.36
30,45.67
30,27.7
30,29.95
30,25.37
29,27.35
29,37.1
29,23.67
29,31.2
29,31.01
29,25.8
29,28.4
29,20.15
29,25.85
29,35.19
29,33.15
29,26.14
29,24.38
29,30.49
29,24.37
29,31.82
29,37.85
29,30.98
29,52.77
29,45.57
29,30.82
29,28.11
29,29.98
29,30.2
29,30.86
29,41.19
29,26.97
28,29.31
28,22.51
28,24.65
28,25.49
28,31.28
28,25.73
28,25.28
28,23.81
28,26.24
28,25.76
28,30.37
28,32.52
28,29.04
28,35.36
28,29.35
28,18.74
28,30.42
28,50.75
28,25.14
28,31.28
28,27.16
28,132.27
28,23.33
28,29.1
28,30.16
28,27.05
28,23.44
28,62.82
28,23.97
28,31.22
27,24.19
27,25.69
27,24.78
27,29.43
27,28.52
27,24.17
27,23.58
27,24.56
27,22.99
27,29.25
27,34.44
27,25.62
27,19.8
27,20.52
27,21.36
27,40.89
27,27.54
27,24.74
27,28.04
27,41.86
27,33.43
27,23.34
27,380.79
27,27.79
27,26.04
27,19.2
27,28.65
27,25.12
27,32.57
27,29.23
27,26.67
27,29.88
26,22.35
26,26.85
26,30.89
26,24.2
26,20.51
26,24.82
26,28.25
26,25.43
26,26.48
26,25.97
26,100.58
26,36.44
26,21.78
26,20.82
26,31.55
26,24.76
26,18.2
26,23.35
26,26.46
26,33.62
26,26.76
26,26.57
26,25.5
26,26.97
26,23.65
26,26.32
26,22.66
26,20.93
26,28.64
26,32.77
26,21.37
26,30.53
26,25.29
25,20.66
25,21.46
25,23.93
25,46.58
25,20.85
25,25.68
25,27.62
25,17.91
25,22.85
25,22.33
25,21.48
25,21.21
25,21.18
25,21.62
25,23.27
25,26.59
25,22.83
25,21.02
25,68.11
25,27.55
25,27.76
25,24.43
25,24.53
25,29.28
25,22.32
25,32.37
25,37.46
25,28.75
25,25.37
25,142.5
25,27.75
25,22.95
25,36.22
25,20.59
25,29.07
25,23.23
25,27.78
25,25.19
25,23.34
25,28.38
24,20.42
24,25.08
24,28.71
24,25.77
24,19.55
24,20.89
24,20.98
24,20.54
24,21.41
24,21.54
24,24.3
24,22.8
24,24.64
24,23.06
24,18.33
24,19.99
24,19.7
24,30.33
24,30.27
24,56.48
24,26.4
24,36.72
24,21.01
24,19.97
24,25.47
24,30.86
24,22.59
24,27.61
23,21.19
23,31.03
23,19.18
23,18.19
23,22.82
23,31.4
23,20.0
23,22.24
23,22.18
23,18.68
23,20.9
23,22.37
23,21.82
23,46.74
23,30.52
23,23.81
23,20.8
23,17.23
23,37.51
23,26.75
23,36.38
23,39.89
23,30.21
23,20.41
23,19.81
23,23.06
23,23.96
23,22.55
23,18.35
23,20.27
23,25.2
23,21.4
22,17.73
22,19.99
22,27.5
22,17.49
22,24.34
22,21.27
22,21.75
22,22.6
22,29.19
22,22.59
22,22.54
22,20.9
22,18.23
22,22.92
22,17.28
22,21.59
22,25.97
22,19.81
22,31.03
22,22.37
22,76.17
22,17.18
22,15.87
22,28.39
22,27.24
22,27.45
22,21.8
22,25.33
22,25.32
22,22.15
22,25.36
22,20.49
22,20.79
22,25.38
22,21.63
22,20.96
22,22.85
21,17.61
21,17.86
21,32.97
21,15.71
21,19.65
21,21.16
21,17.11
21,21.32
21,21.54
21,19.71
21,22.14
21,17.64
21,25.96
21,14.8
21,27.35
21,33.01
21,19.48
21,20.05
21,25.83
21,22.07
21,21.1
21,18.12
21,22.54
21,30.49
21,29.65
21,34.64
21,30.51
21,22.55
21,21.17
21,21.01
21,21.36
21,15.93
21,18.1
21,21.52
21,18.95
21,27.3
21,25.03
21,27.54
21,23.34
21,19.56
21,20.43
21,18.3
20,19.41
20,12.96
20,20.6
20,16.73
20,16.83
20,24.95
20,17.26
20,19.22
20,29.73
20,17.9
20,16.85
20,19.85
20,21.13
20,29.44
20,18.97
20,40.57
20,36.88
20,20.23
20,25.22
20,15.89
20,94.6
20,15.37
20,16.12
20,15.33
20,17.15
20,18.02
20,25.8
20,18.93
20,18.07
19,20.01
19,18.37
19,21.57
19,17.78
19,72.6
19,21.46
19,20.06
19,18.97
19,15.8
19,17.6
19,19.07
19,16.84
19,16.75
19,16.75
19,18.94
19,20.1
19,19.28
19,14.93
19,51.15
19,38.16
19,23.14
19,18.43
19,310.86
19,25.71
19,21.35
19,17.03
19,24.81
19,42.74
19,24.14
19,22.09
19,25.09
19,21.48
19,17.64
19,20.47
19,18.89
19,18.46
19,20.1
19,22.76
19,17.28
19,28.64
19,16.83
19,21.84
19,23.49
19,20.38
19,24.02
19,15.85
19,22.38
19,16.06
19,14.51
19,14.34
18,18.53
18,21.62
18,15.85
18,16.94
18,18.42
18,46.14
18,28.34
18,21.9
18,18.99
18,15.57
18,16.67
18,14.38
18,16.2
18,14.47
18,18.02
18,18.88
18,16.7
18,18.03
18,15.85
18,16.33
18,16.29
18,20.79
18,14.38
18,15.1
18,19.74
18,20.58
18,19.24
18,16.78
18,20.2
18,18.44
18,18.01
18,11.93
18,19.0
18,20.81
18,23.37
18,14.3
18,82.44
18,17.46
18,16.06
18,14.81
18,12.68
18,17.27
18,15.23
18,16.96
18,16.85
18,17.5
18,19.68
17,15.97
17,18.01
17,14.97
17,35.11
17,13.17
17,17.52
17,17.23
17,15.83
17,36.31
17,34.05
17,17.65
17,14.42
17,15.67
17,16.48
17,15.72
17,15.04
17,13.0
17,25.13
17,16.48
17,21.32
17,23.93
17,24.26
17,27.66
17,21.96
17,20.56
17,41.36
17,18.5
17,13.59
17,18.64
17,14.66
17,45.4
17,21.16
17,15.9
17,40.23
17,26.22
17,18.54
17,21.43
17,15.27
17,12.72
17,15.55
17,16.01
17,16.04
17,15.98
16,14.51
16,15.54
16,12.44
16,13.54
16,13.86
16,19.05
16,16.54
16,29.47
16,14.45
16,11.8
16,14.32
16,14.41
16,17.05
16,14.16
16,15.46
16,16.2
16,14.66
16,13.64
16,13.5
16,19.65
16,14.7
16,10.46
16,14.28
16,16.33
16,14.32
16,23.19
16,121.15
16,15.08
16,19.46
16,13.49
16,15.47
16,15.71
16,14.71
16,12.8
16,15.72
16,14.73
16,20.32
16,16.5
16,16.26
16,13.32
16,12.6
16,32.78
16,16.74
16,71.78
16,98.06
16,15.61
16,13.83
16,17.52
16,16.38
16,12.96
16,17.48
16,14.5
16,16.48
16,19.21
16,15.07
16,18.64
16,14.9
16,15.04
16,14.69
15,17.87
15,12.91
15,10.63
15,14.92
15,15.11
15,22.55
15,29.4
15,29.06
15,21.78
15,13.95
15,14.87
15,30.67
15,11.49
15,15.2
15,14.52
15,13.05
15,13.74
15,18.23
15,15.75
15,19.33
15,13.23
15,14.16
15,15.41
15,13.35
15,10.24
15,14.23
15,10.75
15,29.53
15,13.27
15,14.47
15,14.34
15,13.04
15,27.44
15,35.86
15,22.75
15,19.53
15,17.77
15,15.26
15,17.68
15,18.77
15,20.42
15,18.87
15,12.96
15,209.56
15,184.7
15,89.09
15,13.56
15,14.01
15,13.54
15,12.75
15,20.95
15,15.38
15,22.98
15,17.66
15,15.21
15,14.16
15,32.12
15,15.8
15,15.69
15,14.52
15,16.39
15,17.02
15,14.94
15,20.12
14,11.12
14,13.12
14,13.16
14,11.51
14,16.1
14,18.7
14,16.3
14,15.63
14,14.12
14,15.28
14,13.46
14,12.35
14,11.41
14,13.78
14,302.06
14,12.55
14,13.76
14,28.26
14,18.89
14,14.46
14,10.6
14,12.17
14,11.04
14,18.5
14,19.58
14,11.59
14,17.53
14,12.22
14,35.77
14,17.25
14,12.85
14,10.29
14,11.63
14,11.3
14,12.83
14,14.12
14,11.69
14,13.89
14,11.77
14,12.16
14,12.66
14,12.38
14,14.05
14,13.29
14,14.8
14,14.04
14,13.94
14,14.26
14,11.61
14,11.97
14,13.57
14,14.73
13,13.05
13,12.16
13,11.38
13,9.33
13,16.78
13,13.46
13,14.14
13,11.35
13,13.06
13,16.87
13,19.56
13,15.76
13,13.56
13,13.1
13,16.05
13,12.75
13,16.08
13,12.69
13,11.55
13,17.7
13,16.69
13,13.4
13,14.41
13,12.88
13,11.11
13,12.81
13,184.71
13,10.39
13,9.85
13,14.01
13,13.29
13,10.82
13,11.9
13,20.75
13,13.46
13,15.04
13,9.73
13,631.44
13,13.76
13,8.67
13,10.89
13,12.77
13,11.83
13,18.11
13,13.55
13,16.65
13,14.1
13,14.5
13,11.06
13,12.37
13,12.06
13,12.77
13,11.53
13,13.97
13,11.57
13,9.91
13,18.01
13,13.04
13,12.18
13,13.8
13,13.85
13,16.27
13,14.12
13,16.7
13,16.88
13,11.93
13,14.58
13,11.29
13,16.37
13,14.0
13,16.69
13,13.58
13,11.89
12,10.34
12,11.17
12,21.1
12,14.87
12,15.5
12,9.04
12,13.28
12,12.97
12,14.24
12,15.07
12,10.33
12,25.38
12,14.33
12,11.29
12,11.33
12,9.74
12,13.89
12,12.12
12,12.32
12,14.92
12,10.41
12,11.19
12,12.8
12,11.05
12,11.9
12,13.87
12,20.25
12,10.0
12,11.8
12,54.11
12,12.18
12,11.98
12,24.91
12,10.84
12,12.28
12,10.71
12,11.53
12,10.86
12,8.62
12,15.0
12,11.0
12,9.07
12,13.28
12,13.21
12,10.82
12,10.19
12,20.61
12,20.11
12,15.34
12,18.19
12,17.67
12,12.22
12,10.45
12,18.22
12,12.81
12,9.25
12,9.9
12,11.21
12,13.94
12,11.53
12,10.58
12,14.16
12,12.68
12,12.33
12,14.15
12,13.56
12,12.54
12,16.3
12,15.44
12,11.23
12,13.36
12,11.66
12,12.02
12,51.83
12,12.28
12,9.59
12,14.37
12,9.31
11,8.15
11,9.45
11,11.13
11,15.67
11,10.26
11,9.46
11,11.5
11,9.32
11,134.53
11,11.5
11,9.74
11,12.04
11,11.79
11,11.73
11,10.38
11,8.88
11,10.18
11,19.37
11,8.11
11,14.74
11,9.31
11,12.06
11,9.76
11,9.57
11,9.03
11,11.2
11,13.75
11,9.77
11,8.98
11,10.96
11,11.33
11,10.99
11,26.81
11,17.26
11,13.83
11,11.66
11,11.95
11,13.89
11,11.44
11,9.56
11,12.13
11,9.62
11,10.57
11,14.3
11,11.44
11,18.55
11,9.53
11,13.24
11,14.09
11,338.92
11,10.86
11,12.49
11,8.57
11,11.75
11,13.17
11,12.45
11,9.96
11,11.23
11,11.43
11,11.85
11,12.76
11,20.31
11,17.12
11,12.95
11,10.53
11,10.84
11,13.07
10,11.19
10,7.88
10,7.78
10,8.55
10,7.76
10,8.77
10,9.15
10,18.97
10,9.51
10,8.81
10,8.76
10,9.48
10,11.12
10,8.91
10,9.66
10,15.09
10,11.05
10,10.61
10,10.03
10,12.44
10,10.59
10,11.26
10,10.08
10,31.16
10,8.81
10,8.08
10,87.11
10,24.14
10,9.71
10,13.35
10,10.32
10,9.75
10,9.51
10,9.67
10,9.34
10,8.38
10,9.79
10,8.73
10,10.79
10,8.81
10,10.31
10,8.42
10,8.52
10,10.02
10,8.32
10,9.54
10,11.86
10,16.15
10,11.47
10,13.77
10,10.11
10,6.64
10,9.74
10,8.56
10,9.37
10,10.01
10,12.62
10,11.85
10,9.25
10,10.04
10,109.93
10,13.94
10,9.36
10,12.94
10,123.19
10,8.77
10,15.23
10,8.43
10,11.08
10,9.48
10,10.83
10,10.82
10,9.25
10,8.33
10,9.6
10,12.02
10,11.3
10,10.14
10,15.79
10,11.3
10,9.47
10,8.56
10,12.76
10,10.01
10,10.97
10,11.56
9,8.21
9,7.87
9,8.96
9,8.75
9,8.1
9,17.91
9,8.7
9,8.36
9,9.05
9,8.07
9,143.19
9,8.33
9,8.49
9,8.72
9,8.39
9,10.55
9,9.29
9,13.02
9,10.63
9,7.69
9,7.86
9,9.73
9,9.95
9,7.08
9,9.28
9,54.69
9,9.93
9,7.59
9,10.37
9,10.92
9,22.53
9,7.53
9,11.04
9,8.39
9,8.43
9,7.54
9,8.41
9,6.88
9,8.54
9,8.75
9,9.02
9,6.08
9,13.2
9,7.53
9,10.6
9,15.02
9,6.71
9,14.61
9,22.82
9,13.67
9,15.67
9,14.69
9,10.08
9,9.42
9,10.44
9,10.13
9,7.14
9,14.79
9,12.29
9,12.05
9,7.93
9,8.21
9,8.55
9,12.46
9,9.07
9,9.18
9,6.94
9,10.12
9,12.66
9,8.47
9,10.73
9,13.33
9,11.06
9,8.62
9,7.88
9,11.83
9,7.91
9,8.78
9,15.94
9,10.89
9,10.08
9,10.42
9,11.56
9,9.38
8,14.68
8,7.86
8,6.43
8,6.94
8,6.56
8,8.11
8,9.6
8,7.15
8,7.74
8,5.32
8,7.54
8,5.13
8,10.36
8,7.59
8,6.85
8,10.91
8,8.01
8,7.87
8,5.68
8,8.12
8,26.86
8,7.0
8,7.01
8,7.5
8,6.83
8,7.95
8,9.0
8,8.19
8,10.26
8,7.01
8,14.85
8,8.03
8,33.38
8,8.09
8,8.32
8,9.53
8,6.36
8,7.42
8,6.18
8,8.54
8,6.34
8,7.65
8,8.18
8,7.37
8,10.0
8,6.85
8,7.41
8,14.8
8,6.47
8,12.94
8,7.5
8,8.36
8,6.55
8,7.04
8,6.16
8,7.18
8,38.28
8,10.45
8,9.27
8,6.81
8,5.93
8,6.52
8,6.67
8,11.72
8,11.07
8,13.11
8,10.45
8,9.3
8,6.88
8,10.6
8,7.21
8,7.49
8,8.06
8,7.57
8,8.42
8,5.9
8,26.85
8,6.99
8,9.45
8,7.22
8,48.29
8,8.52
8,7.93
8,7.92
8,6.82
8,6.96
8,6.12
8,7.45
8,10.57
8,13.53
8,16.71
8,8.14
8,12.1
8,10.39
8,9.47
8,10.53
8,10.09
8,9.72
8,8.67
8,7.69
8,8.9
8,6.94
7,6.42
7,6.48
7,6.83
7,6.34
7,10.95
7,12.0
7,6.29
7,5.83
7,6.68
7,5.18
7,6.73
7,6.85
7,5.63
7,5.67
7,5.23
7,5.9
7,5.8
7,6.31
7,7.44
7,8.12
7,5.03
7,6.0
7,5.76
7,7.67
7,5.91
7,6.78
7,6.49
7,5.27
7,5.09
7,11.46
7,7.56
7,6.3
7,5.83
7,7.32
7,8.29
7,6.69
7,8.2
7,6.26
7,8.64
7,8.8
7,9.54
7,8.27
7,6.94
7,6.79
7,7.12
7,90.37
7,5.46
7,5.95
7,21.68
7,19.33
7,7.72
7,6.09
7,6.21
7,7.2
7,5.83
7,7.45
7,7.21
7,5.79
7,27.57
7,7.07
7,6.01
7,6.04
7,5.26
7,9.55
7,6.72
7,6.7
7,13.19
7,5.8
7,6.48
7,6.49
7,20.89
7,6.55
7,5.49
7,5.39
7,5.78
7,6.21
7,7.14
7,6.5
7,6.71
7,6.88
7,14.02
7,8.67
7,7.44
7,9.81
7,9.97
7,11.25
7,14.36
7,8.34
7,7.14
7,7.96
7,6.02
7,6.73
7,6.61
7,6.33
7,6.03
7,6.04
7,7.29
7,6.18
7,6.55
7,19.19
7,6.95
7,6.3
7,8.21
7,8.07
7,9.38
7,6.0
7,16.89
7,7.21
7,7.26
7,6.8
7,10.62
7,6.8
7,6.37
7,31.18
7,5.45
7,7.3
7,10.32
7,7.14
7,8.66
7,7.07
7,7.72
7,7.07
7,10.37
7,10.31
7,9.15
7,8.12
7,9.31
7,8.66
7,6.9
7,7.05
7,6.46
7,7.7
6,7.08
6,6.42
6,9.71
6,5.92
6,5.84
6,5.36
6,6.32
6,5.34
6,6.1
6,5.82
6,5.95
6,7.11
6,5.1
6,5.34
6,5.29
6,4.54
6,10.97
6,5.64
6,5.62
6,5.45
6,4.78
6,7.61
6,4.49
6,7.68
6,5.41
6,5.77
6,6.38
6,8.65
6,5.44
6,8.09
6,5.95
6,4.51
6,6.59
6,4.61
6,6.39
6,5.41
6,7.28
6,4.77
6,6.23
6,5.63
6,5.0
6,6.03
6,5.15
6,6.7
6,6.04
6,5.9
6,5.29
6,5.71
6,7.77
6,5.46
6,5.59
6,6.0
6,6.08
6,4.9
6,4.93
6,6.78
6,5.56
6,4.86
6,6.84
6,4.96
6,4.33
6,4.08
6,5.11
6,5.71
6,5.08
6,17.26
6,6.24
6,5.69
6,52.56
6,5.86
6,4.4
6,6.09
6,5.81
6,48.25
6,8.56
6,5.42
6,5.4
6,4.8
6,4.99
6,5.11
6,16.15
6,4.4
6,5.48
6,5.96
6,6.76
6,7.35
6,5.7
6,11.78
6,6.18
6,9.33
6,6.34
6,4.66
6,5.72
6,5.37
6,11.23
6,6.11
6,5.97
6,4.28
6,5.33
6,5.79
6,8.39
6,8.01
6,5.88
6,10.06
6,5.46
6,6.59
6,5.31
6,5.98
6,5.94
6,6.81
6,10.3
6,6.51
6,548.79
6,4.61
6,4.74
6,6.99
6,5.62
6,5.34
6,5.12
6,14.78
6,4.71
6,12.73
6,5.36
6,6.34
6,5.64
6,5.87
6,7.23
6,6.25
6,6.27
6,6.02
6,76.28
6,4.91
6,6.82
6,8.53
6,5.92
6,5.07
6,5.54
6,5.95
6,5.17
6,6.46
6,9.58
6,16.65
6,9.79
6,8.06
6,7.26
6,9.32
6,7.52
6,8.5
6,7.02
6,6.34
6,5.32
6,21.39
6,8.01
6,7.75
6,5.85
6,7.55
6,5.55
6,5.97
6,5.52
5,4.42
5,6.83
5,5.06
5,5.3
5,6.41
5,4.06
5,5.5
5,3.97
5,4.72
5,6.06
5,6.41
5,4.88
5,4.07
5,3.85
5,4.12
5,18.23
5,5.35
5,5.29
5,4.74
5,7.2
5,5.38
5,5.22
5,4.54
5,4.39
5,4.24
5,4.22
5,3.93
5,4.75
5,3.73
5,6.17
5,5.65
5,4.19
5,4.12
5,6.41
5,14.35
5,4.12
5,5.4
5,4.52
5,5.29
5,6.18
5,5.64
5,5.59
5,4.85
5,5.72
5,5.11
5,5.09
5,4.34
5,4.88
5,6.3
5,4.97
5,7.22
5,6.5
5,5.3
5,5.44
5,6.4
5,4.26
5,4.77
5,5.55
5,8.27
5,7.76
5,12.34
5,5.01
5,4.86
5,45.22
5,4.29
5,5.03
5,5.16
5,5.95
5,4.26
5,7.46
5,4.31
5,3.9
5,3.85
5,30.15
5,4.35
5,26.28
5,48.94
5,8.62
5,110.65
5,4.48
5,4.16
5,4.26
5,4.63
5,4.37
5,5.51
5,3.99
5,3.59
5,4.15
5,4.91
5,3.34
5,5.44
5,4.24
5,4.7
5,6.56
5,5.21
5,4.63
5,4.54
5,4.34
5,4.4
5,4.49
5,4.03
5,4.42
5,4.51
5,4.46
5,5.15
5,16.85
5,5.21
5,5.39
5,4.1
5,18.6
5,6.51
5,4.52
5,4.64
5,4.08
5,6.1
5,5.12
5,4.09
5,3.76
5,4.94
5,4.33
5,4.87
5,5.01
5,5.4
5,5.43
5,49.83
5,5.37
5,5.55
5,11.08
5,5.07
5,3.84
5,4.25
5,4.2
5,8.09
5,5.11
5,12.32
5,8.88
5,6.88
5,4.01
5,5.35
5,5.04
5,3.74
5,5.52
5,5.39
5,5.11
5,5.57
5,4.77
5,5.18
5,5.2
5,4.49
5,5.39
5,5.96
5,5.0
5,4.07
5,4.37
5,4.23
5,25.23
5,4.43
5,5.51
5,4.32
5,3.76
5,4.88
5,5.11
5,4.21
5,9.94
5,4.17
5,4.45
5,4.36
5,4.1
5,3.92
5,5.08
5,4.28
5,4.4
5,7.55
5,7.55
5,7.12
5,7.96
5,5.37
5,8.88
5,5.08
5,5.73
5,5.48
5,4.1
5,7.69
5,5.92
5,9.66
5,6.52
5,7.03
5,7.31
5,4.57
5,5.38
4,3.72
4,7.58
4,7.43
4,4.63
4,4.06
4,3.38
4,5.42
4,5.19
4,3.96
4,3.21
4,4.83
4,7.26
4,3.36
4,3.46
4,4.12
4,3.59
4,3.88
4,4.9
4,4.34
4,3.85
4,3.29
4,18.78
4,3.62
4,4.3
4,15.31
4,3.29
4,9.66
4,4.9
4,3.57
4,3.73
4,3.19
4,2.95
4,5.09
4,4.73
4,4.57
4,4.31
4,3.14
4,3.95
4,4.94
4,201.23
4,3.22
4,3.38
4,26.61
4,5.81
4,11.97
4,4.26
4,3.58
4,3.1
4,4.4
4,4.03
4,4.72
4,6.01
4,4.63
4,4.62
4,3.68
4,4.62
4,3.52
4,3.87
4,3.83
4,3.86
4,3.62
4,4.97
4,3.86
4,3.33
4,4.12
4,3.32
4,3.59
4,3.9
4,3.71
4,3.67
4,4.25
4,3.27
4,4.18
4,4.22
4,4.6
4,3.49
4,3.78
4,3.07
4,3.3
4,3.86
4,4.35
4,3.49
4,20.63
4,5.1
4,3.81
4,7.5
4,5.26
4,4.96
4,5.58
4,4.6
4,3.7
4,3.79
4,3.69
4,3.89
4,4.15
4,3.49
4,2.75
4,45.21
4,4.4
4,4.2
4,14.56
4,8.1
4,6.72
4,3.76
4,19.63
4,11.4
4,5.71
4,4.53
4,32.91
4,3.27
4,4.53
4,5.73
4,3.7
4,16.36
4,3.59
4,7.39
4,3.91
4,3.34
4,4.94
4,3.15
4,4.9
4,4.69
4,4.13
4,4.13
4,3.95
4,3.69
4,4.14
4,3.09
4,4.21
4,9.99
4,3.52
4,5.6
4,3.05
4,4.87
4,4.36
4,4.09
4,4.78
4,3.22
4,3.8
4,4.29
4,4.13
4,3.7
4,4.19
4,4.2
4,4.18
4,3.34
4,3.55
4,362.77
4,12.3
4,3.27
4,8.03
4,7.53
4,5.46
4,3.73
4,2.97
4,3.27
4,3.24
4,5.97
4,4.77
4,3.21
4,5.98
4,5.03
4,2.96
4,3.36
4,3.46
4,3.56
4,5.97
4,9.71
4,5.77
4,3.16
4,8.07
4,12.7
4,3.88
4,3.96
4,3.53
4,2.99
4,4.19
4,7.58
4,5.11
4,4.63
4,3.69
4,5.11
4,3.55
4,3.42
4,5.23
4,3.47
4,4.34
4,6.7
4,3.44
4,3.28
4,4.01
4,3.39
4,5.27
4,4.57
4,3.29
4,5.95
4,3.92
4,3.68
4,3.46
4,17.62
4,33.82
4,3.75
4,2.98
4,5.08
4,3.58
4,3.42
4,5.18
4,4.13
4,3.42
4,4.2
4,3.64
4,3.35
4,5.02
4,4.05
4,3.04
4,9.18
4,12.1
4,3.91
4,3.47
4,4.55
4,3.3
4,3.32
4,3.93
4,3.63
4,3.82
4,7.74
4,7.22
4,4.61
4,9.36
4,39.79
4,4.94
4,3.27
4,4.67
4,4.65
4,3.22
4,4.65
4,4.22
4,3.1
4,3.31
4,9.85
4,3.45
4,3.33
4,3.05
4,8.02
4,3.52
4,3.34
4,3.71
4,8.85
4,5.78
4,3.37
4,3.55
4,5.55
4,4.68
4,9.51
4,4.55
4,6.53
4,5.81
4,5.73
4,4.87
4,3.8
4,3.68
4,3.99
4,5.02
4,4.84
4,4.04
4,3.63
4,2.93
4,3.3
4,3.83
4,3.46
3,2.95
3,4.38
3,2.24
3,3.15
3,2.83
3,2.46
3,6.33
3,2.89
3,2.66
3,2.91
3,3.28
3,2.96
3,3.24
3,9.96
3,2.66
3,5.8
3,2.74
3,2.86
3,26.96
3,3.14
3,2.81
3,3.52
3,2.48
3,3.14
3,3.56
3,5.28
3,3.57
3,5.35
3,2.79
3,2.65
3,3.12
3,3.01
3,2.19
3,7.58
3,2.6
3,2.88
3,2.66
3,2.61
3,2.69
3,3.23
3,5.66
3,4.39
3,3.12
3,2.81
3,6.95
3,4.74
3,4.06
3,4.21
3,2.49
3,2.81
3,3.48
3,3.82
3,4.07
3,4.26
3,3.36
3,2.8
3,4.25
3,4.27
3,3.48
3,10.22
3,2.79
3,3.12
3,2.82
3,3.45
3,3.12
3,3.36
3,3.74
3,2.5
3,3.44
3,2.32
3,3.38
3,2.69
3,3.05
3,3.09
3,2.71
3,7.58
3,2.73
3,3.98
3,3.04
3,2.3
3,2.59
3,2.95
3,3.23
3,2.8
3,2.63
3,3.14
3,2.42
3,2.82
3,4.45
3,6.66
3,3.84
3,3.3
3,3.81
3,5.78
3,3.03
3,3.2
3,2.87
3,2.56
3,4.81
3,3.65
3,3.49
3,5.06
3,3.37
3,2.43
3,4.72
3,9.26
3,41.93
3,28.44
3,38.58
3,55.34
3,23.93
3,2.52
3,4.8
3,13.09
3,2.31
3,3.33
3,12.23
3,24.79
3,3.18
3,4.63
3,6.82
3,44.03
3,63.49
3,3.68
3,44.17
3,15.53
3,6.97
3,3.99
3,3.24
3,2.81
3,6.01
3,4.69
3,3.47
3,2.64
3,3.7
3,3.18
3,3.16
3,4.55
3,3.13
3,2.66
3,2.74
3,2.73
3,2.68
3,4.81
3,5.06
3,3.08
3,3.23
3,4.44
3,3.46
3,4.11
3,3.11
3,2.91
3,2.85
3,2.56
3,4.14
3,24.53
3,3.9
3,3.2
3,3.37
3,2.78
3,2.81
3,2.92
3,2.57
3,2.47
3,3.55
3,2.86
3,2.9
3,2.69
3,2.78
3,6.33
3,7.09
3,8.75
3,2.63
3,2.5
3,3.51
3,3.47
3,3.84
3,3.66
3,2.44
3,4.41
3,3.53
3,2.22
3,2.98
3,2.45
3,3.02
3,2.65
3,31.08
3,2.27
3,3.93
3,2.61
3,2.9
3,5.99
3,4.61
3,11.5
3,3.73
3,2.68
3,4.43
3,2.3
3,3.0
3,3.01
3,2.52
3,2.62
3,2.96
3,2.4
3,2.48
3,2.87
3,2.59
3,2.86
3,2.99
3,3.02
3,3.02
3,2.96
3,3.81
3,7.76
3,3.01
3,3.05
3,2.45
3,3.0
3,2.58
3,2.79
3,2.66
3,2.51
3,2.53
3,3.63
3,2.42
3,3.43
3,4.9
3,2.79
3,4.68
3,4.09
3,5.28
3,2.93
3,2.28
3,4.69
3,3.2
3,2.65
3,2.89
3,2.7
3,6.82
3,7.53
3,3.66
3,2.44
3,3.36
3,4.64
3,4.2
3,3.18
3,2.43
3,2.52
3,5.14
3,2.57
3,2.91
3,3.15
3,3.04
3,3.76
3,3.6
3,314.99
3,11.58
3,3.55
3,2.63
3,3.02
3,3.75
3,2.34
3,16.0
3,3.38
3,2.71
3,3.27
3,5.58
3,9.9
3,2.94
3,3.17
3,3.4
3,3.08
3,2.76
3,3.0
3,3.67
3,3.38
3,2.6
3,2.86
3,2.85
3,2.59
3,2.83
3,2.97
3,2.92
3,2.65
3,2.77
3,2.58
3,3.21
3,3.77
3,3.56
3,3.29
3,3.72
3,7.05
3,3.79
3,3.27
3,3.79
3,4.3
3,3.26
3,2.51
3,2.56
3,3.57
3,2.48
3,3.39
3,2.57
3,2.65
3,2.99
3,2.7
3,2.92
3,5.32
3,3.25
3,2.71
3,3.26
3,3.39
3,2.94
3,2.94
3,5.82
3,2.3
3,2.98
3,3.68
3,3.39
3,3.08
3,15.29
3,2.95
3,7.3
3,4.42
3,6.58
3,37.94
3,4.81
3,3.23
3,2.79
3,2.59
3,6.42
3,5.82
3,3.54
3,2.72
3,3.0
3,2.76
3,2.6
2,1.93
2,2.55
2,4.41
2,3.11
2,3.52
2,1.74
2,1.93
2,1.91
2,2.31
2,2.13
2,1.98
2,2.06
2,2.0
2,2.12
2,2.34
2,1.83
2,2.47
2,2.21
2,4.48
2,1.95
2,1.64
2,1.65
2,28.24
2,2.55
2,3.26
2,4.06
2,3.83
2,3.84
2,2.38
2,2.37
2,2.24
2,1.94
2,2.1
2,2.01
2,3.09
2,2.22
2,2.52
2,2.42
2,3.32
2,2.37
2,4.16
2,3.12
2,3.56
2,1.98
2,5.38
2,2.64
2,1.82
2,2.24
2,1.82
2,2.64
2,2.36
2,1.88
2,2.34
2,2.76
2,2.72
2,2.29
2,2.33
2,1.82
2,2.29
2,3.97
2,2.44
2,2.14
2,2.17
2,1.99
2,2.62
2,10.08
2,1.68
2,2.26
2,1.72
2,1.99
2,1.92
2,1.93
2,2.41
2,2.17
2,33.05
2,19.78
2,22.4
2,2.1
2,1.84
2,3.41
2,2.1
2,2.04
2,2.04
2,1.89
2,2.14
2,2.32
2,1.92
2,2.2
2,8.05
2,1.84
2,1.85
2,3.43
2,2.03
2,2.8
2,2.12
2,2.3
2,1.85
2,2.94
2,2.16
2,3.26
2,2.2
2,2.16
2,21.63
2,1.96
2,2.87
2,2.64
2,2.31
2,3.01
2,2.33
2,2.05
2,2.42
2,5.24
2,2.34
2,2.56
2,2.09
2,1.78
2,1.69
2,2.43
2,1.71
2,2.13
2,1.88
2,2.19
2,2.45
2,1.8
2,4.79
2,2.02
2,1.73
2,2.14
2,2.89
2,1.65
2,2.49
2,2.2
2,1.97
2,2.64
2,2.2
2,2.83
2,3.28
2,1.99
2,1.94
2,3.36
2,2.08
2,17.61
2,11.11
2,3.2
2,2.2
2,2.61
2,2.11
2,2.16
2,2.23
2,2.29
2,2.08
2,2.05
2,1.93
2,2.86
2,7.97
2,2.26
2,2.79
2,34.07
2,4.0
2,13.75
2,4.36
2,13.98
2,15.72
2,2.06
2,1.9
2,2.45
2,4.6
2,13.87
2,6.95
2,2.28
2,2.4
2,32.44
2,15.29
2,14.3
2,2.97
2,3.1
2,356.49
2,3.21
2,2.19
2,11.25
2,11.8
2,3.12
2,49.5
2,3.41
2,4.28
2,2.4
2,2.49
2,1.99
2,4.85
2,4.75
2,2.79
2,1.73
2,2.31
2,1.62
2,1.98
2,2.51
2,2.18
2,38.55
2,2.3
2,3.91
2,9.42
2,5.36
2,2.25
2,2.19
2,5.11
2,2.21
2,7.96
2,21.0
2,2.26
2,2.18
2,2.02
2,2.1
2,2.23
2,2.2
2,2.21
2,2.28
2,2.14
2,2.53
2,2.27
2,5.3
2,6.76
2,3.16
2,2.26
2,2.3
2,2.52
2,2.54
2,1.78
2,1.97
2,4.19
2,6.5
2,2.58
2,3.49
2,2.04
2,2.14
2,3.03
2,1.89
2,1.82
2,17.01
2,2.96
2,13.57
2,1.82
2,1.85
2,1.8
2,1.77
2,2.06
2,2.24
2,1.93
2,1.74
2,2.19
2,2.93
2,8.82
2,2.01
2,2.05
2,2.15
2,2.32
2,2.75
2,2.51
2,3.28
2,1.92
2,730.91
2,3.33
2,13.96
2,2.33
2,3.09
2,2.41
2,19.14
2,20.22
2,3.18
2,2.17
2,1.99
2,2.14
2,3.82
2,1.72
2,1.73
2,1.94
2,1.96
2,3.31
2,1.77
2,4.84
2,2.29
2,5.74
2,1.94
2,1.97
2,2.13
2,4.41
2,3.45
2,1.93
2,2.01
2,2.53
2,1.9
2,1.97
2,1.99
2,1.68
2,1.67
2,1.93
2,3.79
2,2.07
2,2.42
2,2.34
2,2.07
2,2.72
2,2.42
2,2.18
2,2.9
2,2.2
2,1.74
2,1.88
2,5.19
2,1.94
2,3.65
2,1.87
2,4.25
2,1.91
2,1.84
2,4.49
2,1.96
2,3.78
2,2.83
2,5.29
2,6.74
2,1.85
2,2.21
2,3.38
2,3.83
2,2.09
2,2.48
2,2.46
2,2.18
2,2.22
2,2.03
2,2.14
2,2.15
2,1.87
2,3.4
2,2.9
2,2.23
2,3.82
2,163.18
2,1.7
2,1.7
2,14.49
2,2.31
2,2.71
2,3.45
2,3.51
2,4.01
2,2.38
2,2.2
2,3.14
2,11.55
2,3.14
2,1.95
2,1.95
2,1.75
2,2.18
2,1.99
2,6.8
2,6.27
2,2.09
2,2.67
2,3.19
2,2.15
2,2.02
2,6.15
2,2.14
2,2.56
2,2.15
2,2.05
2,1.99
2,2.1
2,2.49
2,1.91
2,1.9
2,3.38
2,1.96
2,2.1
2,2.06
2,2.15
2,1.64
2,1.76
2,1.64
2,1.69
2,1.84
2,2.59
2,44.89
2,42.64
2,52.54
2,53.71
2,3.37
2,1.95
2,2.28
2,2.89
2,2.15
2,4.99
2,2.05
2,4.31
2,2.12
2,2.3
2,1.92
2,1.83
2,2.01
2,1.96
2,1.95
2,1.83
2,1.85
2,2.71
2,2.25
2,1.99
2,2.01
2,1.91
2,9.43
2,2.49
2,2.41
2,2.14
2,2.46
2,2.34
2,1.91
2,2.43
2,2.5
2,2.5
2,2.37
2,2.05
2,2.41
2,1.95
2,1.91
2,9.87
2,2.37
2,13.93
2,2.5
2,2.27
2,2.35
2,1.91
2,2.14
2,2.0
2,1.74
1,2.95
1,1.82
1,1.24
1,2.04
1,1.67
1,1.27
1,1.04
1,1.34
1,3.01
1,2.72
1,4.5
1,3.91
1,1.09
1,2.83
1,1.58
1,1.64
1,1.26
1,1.08
1,1.05
1,1.15
1,1.52
1,1.19
1,1.13
1,1.08
1,1.14
1,1.12
1,1.43
1,1.34
1,1.09
1,1.05
1,1.03
1,1.11
1,1.06
1,1.31
1,1.76
1,1.24
1,7.38
1,8.21
1,2.56
1,1.41
1,2.0
1,2.52
1,1.28
1,1.14
1,1.39
1,1.06
1,1.02
1,1.14
1,1.07
1,1.2
1,4.91
1,1.3
1,1.35
1,1.06
1,4.86
1,2.34
1,1.04
1,5.13
1,6.49
1,12.54
1,1.46
1,4.0
1,1.14
1,1.46
1,25.82
1,3.23
1,1.91
1,1.68
1,1.68
1,1.31
1,1.46
1,1.07
1,1.0
1,1.09
1,1.3
1,1.02
1,6.13
1,1.07
1,1.25
1,1.55
1,1.0
1,1.15
1,1.68
1,1.21
1,1.43
1,1.41
1,4.59
1,5.91
1,3.6
1,1.31
1,1.05
1,4.17
1,1.15
1,65.27
1,2.18
1,1.08
1,1.58
1,4.12
1,8.91
1,58.77
1,24.6
1,2.12
1,10.7
1,63.75
1,1.52
1,1.95
1,25.15
1,72.9
1,1.27
1,1.69
1,1.02
1,1.02
1,1.16
1,1.17
1,3.02
1,1.08
1,1.23
1,1.05
1,1.06
1,1.07
1,1.03
1,1.2
1,1.04
1,1.04
1,1.17
1,1.03
1,1.24
1,1.09
1,1.51
1,1.47
1,2.36
1,1.24
1,1.68
1,1.16
1,1.21
1,1.35
1,1.36
1,2.44
1,1.88
1,1.94
1,1.76
1,1.4
1,1.3
1,1.43
1,9.02
1,2.59
1,1.55
1,2.57
1,2.27
1,1.8
1,1.33
1,1.89
1,1.44
1,1.01
1,1.18
1,1.17
1,1.51
1,1.35
1,1.51
1,1.29
1,1.15
1,1.38
1,1.6
1,1.15
1,1.67
1,1.38
1,1.3
1,1.35
1,1.36
1,1.44
1,1.31
1,1.22
1,1.9
1,1.17
1,1.34
1,1.53
1,1.26
1,1.01
1,1.06
1,13.7
1,1.86
1,2.22
1,1.7
1,1.09
1,1.25
1,1.46
1,2.69
1,5.1
1,2.32
1,2.18
1,60.99
1,2.07
1,26.44
1,1.11
1,11.71
1,4.04
1,4.21
1,1.02
1,1.26
1,1.14
1,1.22
1,1.41
1,1.04
1,1.08
1,1.44
1,1.43
1,1.1
1,1.87
1,2.03
1,1.29
1,1.31
1,5.63
1,4.07
1,1.12
1,4.67
1,1.15
1,1.23
1,1.23
1,1.26
1,1.26
1,1.21
1,4.7
1,1.79
1,1.12
1,1.65
1,2.61
1,1.33
1,9.73
1,1.89
1,1.25
1,2.28
1,1.23
1,1.94
1,11.32
1,1.57
1,1.46
1,1.77
1,1.12
1,25.86
1,1.47
1,25.11
1,1.21
1,3.08
1,1.34
1,1.47
1,1.06
1,1.88
1,1.33
1,2.55
1,1.13
1,1.38
1,1.82
1,2.4
1,1.68
1,3.53
1,1.66
1,1.52
1,1.0
1,1.26
1,1.0
1,1.2
1,2.28
1,1.01
1,1.41
1,1.24
1,1.02
1,2.78
1,1.6
1,1.04
1,1.19
1,1.39
1,1.52
1,1.05
1,1.25
1,1.04
1,1.23
1,1.39
1,1.49
1,1.18
1,1.96
1,1.81
1,2.07
1,1.24
1,1.54
1,1.06
1,1.37
1,1.17
1,1.2
1,11.06
1,1.24
1,646.55
1,9.94
1,1.12
1,4.57
1,1.38
1,1.37
1,1.42
1,1.67
1,28.39
1,27.06
1,15.48
1,84.17
1,96.19
1,21.06
1,7.35
1,5.24
1,5.43
1,2.97
1,2.14
1,3.25
1,2.08
1,2.09
1,3.86
1,80.22
1,6.91
1,19.08
1,3.4
1,14.0
1,2.99
1,1.84
1,1.54
1,1.57
1,4.64
1,1.42
1,1.21
1,1.3
1,1.38
1,35.12
1,21.11
1,82.46
1,17.4
1,80.78
1,141.1
1,11.4
1,12.3
1,40.6
1,2.3
1,1.22
1,3.27
1,5.71
1,17.29
1,35.4
1,3.43
1,4.0
1,31.54
1,3.15
1,2.94
1,1.91
1,2.69
1,2.53
1,1.19
1,14.23
1,31.27
1,19.37
1,2.11
1,17.18
1,2.59
1,3.4
1,21.69
1,1.7
1,10.23
1,6.06
1,2.59
1,15.1
1,1.08
1,1.68
1,1.98
1,3.63
1,7.67
1,1.41
1,1.52
1,1.83
1,1.49
1,1.53
1,1.48
1,4.09
1,15.77
1,28.48
1,3.25
1,19.24
1,9.46
1,21.06
1,1.27
1,13.44
1,41.37
1,12.55
1,796.53
1,699.73
1,28.6
1,108.39
1,6.48
1,39.45
1,36.37
1,41.3
1,81.37
1,22.11
1,53.56
1,18.46
1,7.56
1,26.16
1,160.65
1,1.5
1,85.64
1,4.54
1,8.55
1,6.26
1,15.92
1,2.8
1,7.91
1,1.5
1,2.86
1,3.21
1,3.15
1,2.02
1,3.11
1,13.36
1,416.25
1,6.91
1,4.5
1,163.95
1,6.37
1,65.04
1,1.71
1,3.32
1,4.46
1,5.64
1,3.1
1,4.15
1,2.25
1,10.7
1,2.84
1,3.25
1,1.64
1,5.04
1,2.85
1,1.36
1,1.33
1,1.29
1,2.28
1,2.76
1,1.89
1,1.22
1,3.51
1,1.97
1,1.17
1,1.78
1,1.59
1,1.32
1,1.0
1,1.27
1,1.72
1,1.06
1,1.17
1,1.07
1,1.08
1,1.12
1,1.29
1,1.39
1,1.71
1,2.56
1,1.97
1,2.9
1,2.91
1,9.71
1,3.33
1,1.6
1,1.55
1,3.96
1,2.03
1,1.71
1,2.07
1,2.0
1,4.76
1,1.93
1,2.2
1,1.5
1,1.48
1,1.31
1,1.27
1,1.44
1,1.22
1,3.28
1,1.32
1,1.31
1,2.76
1,1.52
1,1.43
1,2.37
1,2.13
1,11.28
1,10.6
1,172.18
1,1.83
1,1.89
1,1.76
1,2.02
1,1.28
1,1.68
1,1.42
1,1.87
1,1.37
1,1.17
1,1.13
1,2.34
1,1.13
1,2.88
1,721.49
1,1.2
1,1.58
1,1.57
1,1.9
1,2.76
1,1.56
1,1.94
1,1.38
1,3.88
1,1.28
1,1.1
1,1.05
1,1.19
1,1.22
1,1.16
1,4.42
1,1.45
1,1.59
1,1.66
1,1.29
1,2.55
1,1.13
1,1.05
1,5.06
1,1.7
1,10.78
1,2.77
1,2.76
1,6.32
1,5.81
1,8.06
1,1.47
1,2.43
1,1.84
1,1.23
1,1.05
1,1.0
1,1.0
1,1.32
1,1.02
1,1.09
1,1.11
1,1.03
1,1.12
1,1.06
1,1.85
1,2.88
1,1.14
1,1.21
1,1.13
1,1.31
1,2.18
1,4.43
1,1.24
1,2.33
1,15.64
1,2.2
1,1.13
1,1.7
1,1.05
1,1.32
1,6.17
1,1.33
1,1.2
1,1.11
1,3.29
1,2.83
1,1.37
1,1.11
1,1.23
1,1.19
1,1.02
1,1.44
1,1.74
1,1.73
1,1.28
1,2.33
1,415.94
1,3.37
1,16.68
1,1.85
1,1.4
1,2.08
1,2.58
1,1.28
1,1.21
1,1.63
1,1.22
1,1.69
1,1.81
1,1.97
1,1.4
1,1.38
1,1.28
1,1.05
1,1.11
1,1.07
1,1.08
1,1.01
1,2.06
1,1.1
1,1.12
1,1.09
1,1.19
1,1.02
1,1.19
1,1.21
1,1.17
1,1.58
1,1.1
1,1.56
1,1.57
1,1.3
1,1.29
1,1.69
1,1.72
1,1.07
1,1.02
1,1.3
1,1.2
1,1.36
1,1.74
1,1.06
1,1.03
1,2.55
1,1.02
1,1.09
1,1.03
1,1.02
1,1.0
1,1.11
1,1.04
1,1.1
1,1.12
1,10.66
1,11.64
1,2.96
1,4.99
1,1.64
1,15.7
1,2.04
1,18.16
1,6.29
1,1.06
1,1.38
1,1.72
1,1.16
1,1.84
1,1.14
1,1.25
1,1.1
1,1.25
1,1.49
1,1.54
1,1.07
1,1.35
1,1.27
1,1.53
1,1.57
1,1.13
1,1.32
1,1.85
1,1.09
1,1.48
1,2.64
1,1.47
1,4.74
1,1.14
1,3.35
1,1.37
1,1.47
1,1.71
1,2.21
1,1.24
1,1.64
1,4.02
1,2.25
1,2.15
1,1.4
1,1.17
1,1.27
1,1.06
1,1.4
1,1.12
1,1.22
1,2.05
1,1.07
1,1.03
1,1.13
1,1.01
1,1.26
1,1.98
1,2.04
1,1.03
1,1.36
1,16.73
1,1.22
1,1.12
1,1.91
1,18.77
1,3.52
1,2.3
1,29.52
1,41.32
1,2.92
1,23.29
1,3.52
1,3.88
1,5.35
1,2.99
1,9.06
1,1.73
1,2.31
1,1.7
1,2.89
1,1.43
1,1.54
1,9.23
1,1.28
1,2.17
1,1.15
1,4.99
1,1.24
1,1.14
1,1.89
1,3.71
1,43.78
1,1.33
1,1.07
1,1.7
1,1.56
1,1.64
1,51.71
1,26.63
1,28.44
1,24.87
1,3.85
1,5.43
1,32.05
1,4.5
1,6.2
1,17.46
1,1.24
1,6.45
1,1.82
1,1.78
1,1.82
1,1.39
1,2.95
1,1.19
1,1.17
1,1.27
1,1.35
1,1.11
1,1.09
1,1.29
1,1.61
1,1.73
1,1.25
1,1.21
1,1.32
1,1.9
1,1.59
1,2.73
1,1.07
1,1.59
1,1.54
1,1.21
1,1.19
1,1.12
1,1.65
1,1.68
1,6.15
1,9.63
1,64.8
1,36.78
1,17.22
1,10.82
1,1.93
1,1.22
1,1.36
1,1.29
1,1.16
1,1.32
1,1.24
1,1.07
1,1.64
1,1.2
1,1.35
1,2.46
1,1.76
1,1.15
1,1.11
1,1.38
1,2.24
1,1.19
1,1.47
1,2.6
1,1.57
1,2.27
1,2.02
1,1.76
1,1.55
1,4.65
1,1.52
1,1.75
1,2.14
1,1.09
1,1.16
1,1.27
1,1.25
1,12.17
1,1.55
1,5.38
1,1.32
1,1.37
1,18.1
1,45.45
1,1.64
1,1.69
1,1.08
1,1.08
1,1.01
1,1.03
1,15.0
1,1.28
1,1.16
1,1.29
1,1.11
1,1.2
1,1.13
1,1.31
1,1.27
1,1.27
1,1.36
1,1.63
1,2.6
1,1.1
1,1.14
1,1.45
1,1.64
1,1.2
1,1.07
1,1.54
1,1.26
1,1.21
1,1.34
1,1.13
1,1.2
1,1.1
1,1.02
1,1.15
1,1.33
1,1.4
1,1.04
1,1.13
1,1.26
1,1.46
1,1.56
1,2.23
1,1.16
1,1.43
1,50.12
1,2.11
1,2.16
1,1.22
1,1.21
1,1.43
1,1.28
1,1.07
1,1.08
1,1.92
1,1.51
1,2.56
1,3.96
1,1.61
1,1.1
1,1.15
1,1.1
1,1.09
1,1.44
1,1.28
1,1.07
1,1.44
1,1.23
1,4.85
1,5.08
1,1.17
1,3.98
1,1.1
1,3.0
1,1.68
1,1.71
1,1.77
